video_name,video_url,main_cat_name,sub_cat_name,url_1080,url_720,url_480,url_360,url_240,thumbnail,duration
M. Stephen Lett: Imitate Jehovah’s Generosity,https://www.jw.org/en/library/videos/#en/mediaitems/StudioTalks/pub-jwb-129_2_VIDEO,JW Broadcasting,Talks,,https://akdd1.jw-cdn.org/sg2/p/27f2a52/2/o/jwb-129_E_02_r720P.mp4,https://akamd1.jw-cdn.org/sg2/p/06cb70/2/o/jwb-129_E_02_r480P.mp4,https://akamd1.jw-cdn.org/sg2/p/2d5620a/2/o/jwb-129_E_02_r360P.mp4,https://akamd1.jw-cdn.org/sg2/p/351675/2/o/jwb-129_E_02_r240P.mp4,https://cms-imgp.jw-cdn.org/img/p/jwb-129/univ/art/jwb-129_univ_wss_02_lg.jpg,16:23
Leonard Myers: Make Faithfulness Your Way of Life,https://www.jw.org/en/library/videos/#en/mediaitems/StudioTalks/pub-jwb-128_2_VIDEO,JW Broadcasting,Talks,,https://akamd1.jw-cdn.org/sg2/p/6096c4/1/o/jwb-128_E_02_r720P.mp4,https://akamd1.jw-cdn.org/sg2/p/1deb44f/1/o/jwb-128_E_02_r480P.mp4,https://akamd1.jw-cdn.org/sg2/p/3482441/1/o/jwb-128_E_02_r360P.mp4,https://akamd1.jw-cdn.org/sg2/p/4aaf1a8/1/o/jwb-128_E_02_r240P.mp4,https://cms-imgp.jw-cdn.org/img/p/jwb-128/univ/art/jwb-128_univ_wss_02_lg.jpg,15:32
“There Is an Appointed Time for Everything”—Building Friendships Takes Time,https://www.jw.org/en/library/videos/#en/mediaitems/TeenSocialLife/pub-mwbv_202507_2_VIDEO,Teenagers,Social Life,,https://akamd1.jw-cdn.org/sg2/p/2f24d5/1/o/mwbv_E_202507_02_r720P.mp4,https://akamd1.jw-cdn.org/sg2/p/07b248/1/o/mwbv_E_202507_02_r480P.mp4,https://akamd1.jw-cdn.org/sg2/p/0c2058a/1/o/mwbv_E_202507_02_r360P.mp4,https://akamd1.jw-cdn.org/sg2/p/2ebc37/1/o/mwbv_E_202507_02_r240P.mp4,https://cms-imgp.jw-cdn.org/img/p/mwbv/202507/univ/art/mwbv_univ_202507_wss_02_lg.jpg,3:31
For a Happy Marriage: Read God’s Word,https://www.jw.org/en/library/videos/#en/mediaitems/FamilyChallenges/pub-jwb-128_7_VIDEO,Family,Family Challenges,,https://akamd1.jw-cdn.org/sg2/p/7cbb31/1/o/jwb-128_E_07_r720P.mp4,https://akamd1.jw-cdn.org/sg2/p/ae5915/1/o/jwb-128_E_07_r480P.mp4,https://akamd1.jw-cdn.org/sg2/p/d0830d/1/o/jwb-128_E_07_r360P.mp4,https://akamd1.jw-cdn.org/sg2/p/a9ab496/1/o/jwb-128_E_07_r240P.mp4,https://cms-imgp.jw-cdn.org/img/p/jwb-128/univ/art/jwb-128_univ_wss_07_lg.jpg,5:54
"""These Words . . . Must Be on Your Heart""—Family Interviews",https://www.jw.org/en/library/videos/#en/mediaitems/FamilyWorship/pub-ivwrd_2_VIDEO,Family,Family Worship,,https://akdd1.jw-cdn.org/sg2/p/473843/1/o/ivwrd_E_2_r720P.mp4,https://akdd1.jw-cdn.org/sg2/p/10b00e/1/o/ivwrd_E_2_r480P.mp4,https://akamd1.jw-cdn.org/sg2/p/9856a8/1/o/ivwrd_E_2_r360P.mp4,https://akamd1.jw-cdn.org/sg2/p/207fed4/1/o/ivwrd_E_2_r240P.mp4,https://cms-imgp.jw-cdn.org/img/p/ivwrd/univ/art/ivwrd_univ_wss_2_lg.jpg,11:55
"""These Words . . . Must Be on Your Heart""",https://www.jw.org/en/library/videos/#en/mediaitems/FamilyMovies/pub-ivwrd_1_VIDEO,Family,Dramas,,https://akdd1.jw-cdn.org/sg2/p/1c0889/1/o/ivwrd_E_1_r720P.mp4,https://akdd1.jw-cdn.org/sg2/p/3323fb1/1/o/ivwrd_E_1_r480P.mp4,https://akdd1.jw-cdn.org/sg2/p/6b1267/1/o/ivwrd_E_1_r360P.mp4,https://akamd1.jw-cdn.org/sg2/p/3e8368/1/o/ivwrd_E_1_r240P.mp4,https://cms-imgp.jw-cdn.org/img/p/1102014532/univ/art/1102014532_univ_wss_lg.jpg,1:08:49
John Ekrann: Jehovah Focuses on the Good You Do (Prov. 15:3),https://www.jw.org/en/library/videos/#en/mediaitems/VODPgmEvtMorningWorship/pub-jwb-129_5_VIDEO,Programs and Events,Morning Worship,,https://akamd1.jw-cdn.org/sg2/p/a2dec98/1/o/jwb-129_E_05_r720P.mp4,https://akamd1.jw-cdn.org/sg2/p/21ccd5/1/o/jwb-129_E_05_r480P.mp4,https://akamd1.jw-cdn.org/sg2/p/e8f92a/1/o/jwb-129_E_05_r360P.mp4,https://akamd1.jw-cdn.org/sg2/p/985e14/1/o/jwb-129_E_05_r240P.mp4,https://cms-imgp.jw-cdn.org/img/p/jwb-129/univ/art/jwb-129_univ_wss_05_lg.jpg,8:01
Robert Ciranko: “Walking in Integrity” (Ps. 84:11),https://www.jw.org/en/library/videos/#en/mediaitems/VODPgmEvtMorningWorship/pub-jwb-128_8_VIDEO,Programs and Events,Morning Worship,,https://akamd1.jw-cdn.org/sg2/p/b6c66a/1/o/jwb-128_E_08_r720P.mp4,https://akamd1.jw-cdn.org/sg2/p/718ee57/1/o/jwb-128_E_08_r480P.mp4,https://akamd1.jw-cdn.org/sg2/p/17cfadb/1/o/jwb-128_E_08_r360P.mp4,https://akamd1.jw-cdn.org/sg2/p/efb6eb9/1/o/jwb-128_E_08_r240P.mp4,https://cms-imgp.jw-cdn.org/img/p/jwb-128/univ/art/jwb-128_univ_wss_08_lg.jpg,8:29
Robert Luccioni: Don’t Limit Your Potential (Amos 7:​14),https://www.jw.org/en/library/videos/#en/mediaitems/VODPgmEvtMorningWorship/pub-jwbmw_201612_1_VIDEO,Programs and Events,Morning Worship,,https://akdd1.jw-cdn.org/sg2/p/fa6a8de/1/o/jwbmw_E_201612_01_r720P.mp4,https://akamd1.jw-cdn.org/sg2/p/cc1c59/1/o/jwbmw_E_201612_01_r480P.mp4,https://akamd1.jw-cdn.org/sg2/p/e74b33/1/o/jwbmw_E_201612_01_r360P.mp4,https://akamd1.jw-cdn.org/sg2/p/25798c5/1/o/jwbmw_E_201612_01_r240P.mp4,https://assetsnffrgf-a.akamaihd.net/assets/m/jwbmw/univ/201612/art/jwbmw_univ_201612_wss_01_lg.jpg,8:38
David H. Splane: Decisions of “the Faithful and Discreet Slave” (Matt. 24:45),https://www.jw.org/en/library/videos/#en/mediaitems/VODPgmEvtMorningWorship/pub-jwbmw_201608_1_VIDEO,Programs and Events,Morning Worship,,https://akamd1.jw-cdn.org/sg2/p/3f5482/1/o/jwbmw_E_201608_01_r720P.mp4,https://akamd1.jw-cdn.org/sg2/p/a2a3f3/1/o/jwbmw_E_201608_01_r480P.mp4,https://akamd1.jw-cdn.org/sg2/p/8f96273/1/o/jwbmw_E_201608_01_r360P.mp4,https://akamd1.jw-cdn.org/sg2/p/4a77be/1/o/jwbmw_E_201608_01_r240P.mp4,https://assetsnffrgf-a.akamaihd.net/assets/m/jwbmw/univ/201608/art/jwbmw_univ_201608_wss_01_lg.jpg,8:19
"""These Words . . . Must Be on Your Heart""",https://www.jw.org/en/library/videos/#en/mediaitems/2014Convention/pub-ivwrd_1_VIDEO,Programs and Events,2014 Keep Seeking First God’s Kingdom! Convention,,https://akdd1.jw-cdn.org/sg2/p/1c0889/1/o/ivwrd_E_1_r720P.mp4,https://akdd1.jw-cdn.org/sg2/p/3323fb1/1/o/ivwrd_E_1_r480P.mp4,https://akdd1.jw-cdn.org/sg2/p/6b1267/1/o/ivwrd_E_1_r360P.mp4,https://akamd1.jw-cdn.org/sg2/p/3e8368/1/o/ivwrd_E_1_r240P.mp4,https://cms-imgp.jw-cdn.org/img/p/1102014532/univ/art/1102014532_univ_wss_lg.jpg,1:08:49
“Iron Sharpens Iron”—Effective Ways to Offer a Bible Study,https://www.jw.org/en/library/videos/#en/mediaitems/VODMinistryImproveSkills/pub-jwb-128_3_VIDEO,Our Meetings and Ministry,Improving Our Skills,,https://akamd1.jw-cdn.org/sg2/p/2bf47e/2/o/jwb-128_E_03_r720P.mp4,https://akamd1.jw-cdn.org/sg2/p/153e1d/2/o/jwb-128_E_03_r480P.mp4,https://akamd1.jw-cdn.org/sg2/p/75c08be/2/o/jwb-128_E_03_r360P.mp4,https://akamd1.jw-cdn.org/sg2/p/3f09e2/2/o/jwb-128_E_03_r240P.mp4,https://cms-imgp.jw-cdn.org/img/p/jwb-128/univ/art/jwb-128_univ_wss_03_lg.jpg,5:37
Dig for Treasures—Hosea,https://www.jw.org/en/library/videos/#en/mediaitems/VODBibleReadingStudy/pub-jwb-129_3_VIDEO,The Bible,Bible Reading and Study,,https://akamd1.jw-cdn.org/sg2/p/2280b11/1/o/jwb-129_E_03_r720P.mp4,https://akamd1.jw-cdn.org/sg2/p/930d819/1/o/jwb-129_E_03_r480P.mp4,https://akamd1.jw-cdn.org/sg2/p/a89d12d/1/o/jwb-129_E_03_r360P.mp4,https://akamd1.jw-cdn.org/sg2/p/2b10ef/1/o/jwb-129_E_03_r240P.mp4,https://cms-imgp.jw-cdn.org/img/p/jwb-129/univ/art/jwb-129_univ_wss_03_lg.jpg,6:57
"""These Words . . . Must Be on Your Heart""",https://www.jw.org/en/library/videos/#en/mediaitems/VODMoviesModernDay/pub-ivwrd_1_VIDEO,Dramas,Modern Day,,https://akdd1.jw-cdn.org/sg2/p/1c0889/1/o/ivwrd_E_1_r720P.mp4,https://akdd1.jw-cdn.org/sg2/p/3323fb1/1/o/ivwrd_E_1_r480P.mp4,https://akdd1.jw-cdn.org/sg2/p/6b1267/1/o/ivwrd_E_1_r360P.mp4,https://akamd1.jw-cdn.org/sg2/p/3e8368/1/o/ivwrd_E_1_r240P.mp4,https://cms-imgp.jw-cdn.org/img/p/1102014532/univ/art/1102014532_univ_wss_lg.jpg,1:08:49
"""These Words . . . Must Be on Your Heart""—Family Interviews",https://www.jw.org/en/library/videos/#en/mediaitems/VODMoviesExtras/pub-ivwrd_2_VIDEO,Dramas,Extra Features,,https://akdd1.jw-cdn.org/sg2/p/473843/1/o/ivwrd_E_2_r720P.mp4,https://akdd1.jw-cdn.org/sg2/p/10b00e/1/o/ivwrd_E_2_r480P.mp4,https://akamd1.jw-cdn.org/sg2/p/9856a8/1/o/ivwrd_E_2_r360P.mp4,https://akamd1.jw-cdn.org/sg2/p/207fed4/1/o/ivwrd_E_2_r240P.mp4,https://cms-imgp.jw-cdn.org/img/p/ivwrd/univ/art/ivwrd_univ_wss_2_lg.jpg,11:55
Dig for Treasures—Hosea,https://www.jw.org/en/library/videos/#en/mediaitems/SeriesDigForTreasures/pub-jwb-129_3_VIDEO,Series,Dig for Treasures,,https://akamd1.jw-cdn.org/sg2/p/2280b11/1/o/jwb-129_E_03_r720P.mp4,https://akamd1.jw-cdn.org/sg2/p/930d819/1/o/jwb-129_E_03_r480P.mp4,https://akamd1.jw-cdn.org/sg2/p/a89d12d/1/o/jwb-129_E_03_r360P.mp4,https://akamd1.jw-cdn.org/sg2/p/2b10ef/1/o/jwb-129_E_03_r240P.mp4,https://cms-imgp.jw-cdn.org/img/p/jwb-129/univ/art/jwb-129_univ_wss_03_lg.jpg,6:57
Welcome to Your Bible Study,https://www.jw.org/en/library/videos/#en/mediaitems/SeriesLFFVideos/pub-lffv_1_VIDEO,Series,Enjoy Life Forever!—Videos,,https://akamd1.jw-cdn.org/sg2/p/06b430/2/o/lffv_E_001_r720P.mp4,https://akamd1.jw-cdn.org/sg2/p/5e0c62/2/o/lffv_E_001_r480P.mp4,https://akamd1.jw-cdn.org/sg2/p/4bf6b3/2/o/lffv_E_001_r360P.mp4,https://akamd1.jw-cdn.org/sg2/p/f8e6c6/2/o/lffv_E_001_r240P.mp4,https://cms-imgp.jw-cdn.org/img/p/lffv/univ/art/lffv_univ_wss_001_lg.jpg,2:45
Never Give Up Hope!,https://www.jw.org/en/library/videos/#en/mediaitems/SeriesLFFVideos/pub-lffv_11_VIDEO,Series,Enjoy Life Forever!—Videos,,https://akamd1.jw-cdn.org/sg2/p/34714c/2/o/lffv_E_011_r720P.mp4,https://akamd1.jw-cdn.org/sg2/p/c1661e/2/o/lffv_E_011_r480P.mp4,https://akamd1.jw-cdn.org/sg2/p/e237f0/2/o/lffv_E_011_r360P.mp4,https://akamd1.jw-cdn.org/sg2/p/bb77bff/2/o/lffv_E_011_r240P.mp4,https://cms-imgp.jw-cdn.org/img/p/lffv/univ/art/lffv_univ_wss_011_lg.jpg,1:48
Why Study the Bible?—Full Length,https://www.jw.org/en/library/videos/#en/mediaitems/SeriesLFFVideos/pub-lffv_12_VIDEO,Series,Enjoy Life Forever!—Videos,,https://akamd1.jw-cdn.org/sg2/p/99b209/1/o/lffv_E_012_r720P.mp4,https://akamd1.jw-cdn.org/sg2/p/32bfc6/1/o/lffv_E_012_r480P.mp4,https://akamd1.jw-cdn.org/sg2/p/0fedbb/1/o/lffv_E_012_r360P.mp4,https://akamd1.jw-cdn.org/sg2/p/aaa729/1/o/lffv_E_012_r240P.mp4,https://cms-imgp.jw-cdn.org/img/p/lffv/univ/art/lffv_univ_wss_012_lg.jpg,3:13
How My Happy New Life Began,https://www.jw.org/en/library/videos/#en/mediaitems/SeriesLFFVideos/pub-lffv_13_VIDEO,Series,Enjoy Life Forever!—Videos,,https://akamd1.jw-cdn.org/sg2/p/7e2409/2/o/lffv_E_013_r720P.mp4,https://akamd1.jw-cdn.org/sg2/p/bd1211/2/o/lffv_E_013_r480P.mp4,https://akamd1.jw-cdn.org/sg2/p/2f4eb1/2/o/lffv_E_013_r360P.mp4,https://akamd1.jw-cdn.org/sg2/p/34e45cc/2/o/lffv_E_013_r240P.mp4,https://cms-imgp.jw-cdn.org/img/p/lffv/univ/art/lffv_univ_wss_013_lg.jpg,2:53
The Earth Hangs Upon Nothing,https://www.jw.org/en/library/videos/#en/mediaitems/SeriesLFFVideos/pub-lffv_31_VIDEO,Series,Enjoy Life Forever!—Videos,,https://akamd1.jw-cdn.org/sg2/p/b0f9ec2/1/o/lffv_E_031_r720P.mp4,https://akamd1.jw-cdn.org/sg2/p/a1f675c/1/o/lffv_E_031_r480P.mp4,https://akamd1.jw-cdn.org/sg2/p/d1dfdb/1/o/lffv_E_031_r360P.mp4,https://akamd1.jw-cdn.org/sg2/p/de86f1/1/o/lffv_E_031_r240P.mp4,https://cms-imgp.jw-cdn.org/img/p/lffv/univ/art/lffv_univ_wss_031_lg.jpg,1:14
The Bible Foretold the Fall of Babylon,https://www.jw.org/en/library/videos/#en/mediaitems/SeriesLFFVideos/pub-lffv_32_VIDEO,Series,Enjoy Life Forever!—Videos,,https://akamd1.jw-cdn.org/sg2/p/93d203/1/o/lffv_E_032_r720P.mp4,https://akamd1.jw-cdn.org/sg2/p/630bd2/1/o/lffv_E_032_r480P.mp4,https://akamd1.jw-cdn.org/sg2/p/0765a0/1/o/lffv_E_032_r360P.mp4,https://akamd1.jw-cdn.org/sg2/p/e516b2/1/o/lffv_E_032_r240P.mp4,https://cms-imgp.jw-cdn.org/img/p/lffv/univ/art/lffv_univ_wss_032_lg.jpg,0:58
"Fortified by ""the Prophetic Word""",https://www.jw.org/en/library/videos/#en/mediaitems/SeriesLFFVideos/pub-lffv_33_VIDEO,Series,Enjoy Life Forever!—Videos,,https://akamd1.jw-cdn.org/sg2/p/4b5ae8/1/o/lffv_E_033_r720P.mp4,https://akamd1.jw-cdn.org/sg2/p/297ab4/1/o/lffv_E_033_r480P.mp4,https://akamd1.jw-cdn.org/sg2/p/2adfa7/1/o/lffv_E_033_r360P.mp4,https://akamd1.jw-cdn.org/sg2/p/d291c5e/1/o/lffv_E_033_r240P.mp4,https://cms-imgp.jw-cdn.org/img/p/lffv/univ/art/lffv_univ_wss_033_lg.jpg,5:22
"Many Titles, but One Name",https://www.jw.org/en/library/videos/#en/mediaitems/SeriesLFFVideos/pub-lffv_41_VIDEO,Series,Enjoy Life Forever!—Videos,,https://akamd1.jw-cdn.org/sg2/p/7da937/2/o/lffv_E_041_r720P.mp4,https://akamd1.jw-cdn.org/sg2/p/3786a8/2/o/lffv_E_041_r480P.mp4,https://akamd1.jw-cdn.org/sg2/p/8c8622/2/o/lffv_E_041_r360P.mp4,https://akamd1.jw-cdn.org/sg2/p/1990eb4/2/o/lffv_E_041_r240P.mp4,https://cms-imgp.jw-cdn.org/img/p/lffv/univ/art/lffv_univ_wss_041_lg.jpg,0:41
Does God Have a Name?—Excerpt,https://www.jw.org/en/library/videos/#en/mediaitems/SeriesLFFVideos/pub-lffv_42_VIDEO,Series,Enjoy Life Forever!—Videos,,https://akamd1.jw-cdn.org/sg2/p/3c3d5a/1/o/lffv_E_042_r720P.mp4,https://akamd1.jw-cdn.org/sg2/p/4f1cc0/1/o/lffv_E_042_r480P.mp4,https://akamd1.jw-cdn.org/sg2/p/7343e1/1/o/lffv_E_042_r360P.mp4,https://akamd1.jw-cdn.org/sg2/p/9d8df1/1/o/lffv_E_042_r240P.mp4,https://cms-imgp.jw-cdn.org/img/p/lffv/univ/art/lffv_univ_wss_042_lg.jpg,3:11
Who Is the Author of the Bible?—Excerpt,https://www.jw.org/en/library/videos/#en/mediaitems/SeriesLFFVideos/pub-lffv_51_VIDEO,Series,Enjoy Life Forever!—Videos,,https://akamd1.jw-cdn.org/sg2/p/571de7/1/o/lffv_E_051_r720P.mp4,https://akamd1.jw-cdn.org/sg2/p/d4ba6e/1/o/lffv_E_051_r480P.mp4,https://akamd1.jw-cdn.org/sg2/p/d975cc/1/o/lffv_E_051_r360P.mp4,https://akamd1.jw-cdn.org/sg2/p/6524a97/1/o/lffv_E_051_r240P.mp4,https://cms-imgp.jw-cdn.org/img/p/lffv/univ/art/lffv_univ_wss_051_lg.jpg,2:48
Was the Universe Created?—Excerpt,https://www.jw.org/en/library/videos/#en/mediaitems/SeriesLFFVideos/pub-lffv_61_VIDEO,Series,Enjoy Life Forever!—Videos,,https://akamd1.jw-cdn.org/sg2/p/4f5fc1a/1/o/lffv_E_061_r720P.mp4,https://akamd1.jw-cdn.org/sg2/p/112aa42/1/o/lffv_E_061_r480P.mp4,https://akamd1.jw-cdn.org/sg2/p/0dc502/1/o/lffv_E_061_r360P.mp4,https://akamd1.jw-cdn.org/sg2/p/c3aca6/1/o/lffv_E_061_r240P.mp4,https://cms-imgp.jw-cdn.org/img/p/lffv/univ/art/lffv_univ_wss_061_lg.jpg,3:51
Jehovah Cared About Their Suffering,https://www.jw.org/en/library/videos/#en/mediaitems/SeriesLFFVideos/pub-lffv_71_VIDEO,Series,Enjoy Life Forever!—Videos,,https://akamd1.jw-cdn.org/sg2/p/0be1a9/2/o/lffv_E_071_r720P.mp4,https://akamd1.jw-cdn.org/sg2/p/c2c0ef/2/o/lffv_E_071_r480P.mp4,https://akamd1.jw-cdn.org/sg2/p/d35700/2/o/lffv_E_071_r360P.mp4,https://akamd1.jw-cdn.org/sg2/p/1a3868/2/o/lffv_E_071_r240P.mp4,https://cms-imgp.jw-cdn.org/img/p/lffv/univ/art/lffv_univ_wss_071_lg.jpg,2:45
Creation Reveals Jehovah's Love—The Human Body,https://www.jw.org/en/library/videos/#en/mediaitems/SeriesLFFVideos/pub-lffv_72_VIDEO,Series,Enjoy Life Forever!—Videos,,https://akamd1.jw-cdn.org/sg2/p/67a7c8/2/o/lffv_E_072_r720P.mp4,https://akamd1.jw-cdn.org/sg2/p/e35fd4/2/o/lffv_E_072_r480P.mp4,https://akamd1.jw-cdn.org/sg2/p/5c5eb92/2/o/lffv_E_072_r360P.mp4,https://akamd1.jw-cdn.org/sg2/p/48c02f8/2/o/lffv_E_072_r240P.mp4,https://cms-imgp.jw-cdn.org/img/p/lffv/univ/art/lffv_univ_wss_072_lg.jpg,1:57
What Does It Mean to Be God's Friend?,https://www.jw.org/en/library/videos/#en/mediaitems/SeriesLFFVideos/pub-lffv_81_VIDEO,Series,Enjoy Life Forever!—Videos,,https://akamd1.jw-cdn.org/sg2/p/21a4c1/1/o/lffv_E_081_r720P.mp4,https://akamd1.jw-cdn.org/sg2/p/8df21ac/1/o/lffv_E_081_r480P.mp4,https://akamd1.jw-cdn.org/sg2/p/50fce71/1/o/lffv_E_081_r360P.mp4,https://akamd1.jw-cdn.org/sg2/p/e90497/1/o/lffv_E_081_r240P.mp4,https://cms-imgp.jw-cdn.org/img/p/lffv/univ/art/lffv_univ_wss_081_lg.jpg,1:46
Does God Listen to All Prayers?—Excerpt,https://www.jw.org/en/library/videos/#en/mediaitems/SeriesLFFVideos/pub-lffv_91_VIDEO,Series,Enjoy Life Forever!—Videos,,https://akamd1.jw-cdn.org/sg2/p/9eae0a/1/o/lffv_E_091_r720P.mp4,https://akamd1.jw-cdn.org/sg2/p/98836c0/1/o/lffv_E_091_r480P.mp4,https://akamd1.jw-cdn.org/sg2/p/b10d937/1/o/lffv_E_091_r360P.mp4,https://akamd1.jw-cdn.org/sg2/p/43ecbe/1/o/lffv_E_091_r240P.mp4,https://cms-imgp.jw-cdn.org/img/p/lffv/univ/art/lffv_univ_wss_091_lg.jpg,2:42
Prayer Helps Us to Cope,https://www.jw.org/en/library/videos/#en/mediaitems/SeriesLFFVideos/pub-lffv_92_VIDEO,Series,Enjoy Life Forever!—Videos,,https://akamd1.jw-cdn.org/sg2/p/25db95/1/o/lffv_E_092_r720P.mp4,https://akamd1.jw-cdn.org/sg2/p/2ef1bf/1/o/lffv_E_092_r480P.mp4,https://akamd1.jw-cdn.org/sg2/p/edb30c/1/o/lffv_E_092_r360P.mp4,https://akamd1.jw-cdn.org/sg2/p/1a0c37a/1/o/lffv_E_092_r240P.mp4,https://cms-imgp.jw-cdn.org/img/p/lffv/univ/art/lffv_univ_wss_092_lg.jpg,1:32
What Happens at a Kingdom Hall?,https://www.jw.org/en/library/videos/#en/mediaitems/SeriesLFFVideos/pub-lffv_101_VIDEO,Series,Enjoy Life Forever!—Videos,,https://akamd1.jw-cdn.org/sg2/p/e2ed7e5/1/o/lffv_E_101_r720P.mp4,https://akamd1.jw-cdn.org/sg2/p/f6c11cc/1/o/lffv_E_101_r480P.mp4,https://akamd1.jw-cdn.org/sg2/p/47adcb/1/o/lffv_E_101_r360P.mp4,https://akamd1.jw-cdn.org/sg2/p/124480/1/o/lffv_E_101_r240P.mp4,https://cms-imgp.jw-cdn.org/img/p/lffv/univ/art/lffv_univ_wss_101_lg.jpg,2:12
We Will Never Forget the Greeting,https://www.jw.org/en/library/videos/#en/mediaitems/SeriesLFFVideos/pub-lffv_102_VIDEO,Series,Enjoy Life Forever!—Videos,,https://akamd1.jw-cdn.org/sg2/p/e30143/2/o/lffv_E_102_r720P.mp4,https://akamd1.jw-cdn.org/sg2/p/d28664/2/o/lffv_E_102_r480P.mp4,https://akamd1.jw-cdn.org/sg2/p/0fe05e8/2/o/lffv_E_102_r360P.mp4,https://akamd1.jw-cdn.org/sg2/p/ff0ace/2/o/lffv_E_102_r240P.mp4,https://cms-imgp.jw-cdn.org/img/p/lffv/univ/art/lffv_univ_wss_102_lg.jpg,4:16
I Liked the Meetings So Much!,https://www.jw.org/en/library/videos/#en/mediaitems/SeriesLFFVideos/pub-lffv_103_VIDEO,Series,Enjoy Life Forever!—Videos,,https://akamd1.jw-cdn.org/sg2/p/293e6de/1/o/lffv_E_103_r720P.mp4,https://akamd1.jw-cdn.org/sg2/p/fae0319/1/o/lffv_E_103_r480P.mp4,https://akamd1.jw-cdn.org/sg2/p/aee62f/1/o/lffv_E_103_r360P.mp4,https://akamd1.jw-cdn.org/sg2/p/337636/1/o/lffv_E_103_r240P.mp4,https://cms-imgp.jw-cdn.org/img/p/lffv/univ/art/lffv_univ_wss_103_lg.jpg,4:34
Effective Personal Study,https://www.jw.org/en/library/videos/#en/mediaitems/SeriesLFFVideos/pub-lffv_111_VIDEO,Series,Enjoy Life Forever!—Videos,,https://akamd1.jw-cdn.org/sg2/p/9e5979/1/o/lffv_E_111_r720P.mp4,https://akamd1.jw-cdn.org/sg2/p/366eec/1/o/lffv_E_111_r480P.mp4,https://akamd1.jw-cdn.org/sg2/p/c29317/1/o/lffv_E_111_r360P.mp4,https://akamd1.jw-cdn.org/sg2/p/3ee049/1/o/lffv_E_111_r240P.mp4,https://cms-imgp.jw-cdn.org/img/p/lffv/univ/art/lffv_univ_wss_111_lg.jpg,2:06
Jehovah Helps Us to Make Changes,https://www.jw.org/en/library/videos/#en/mediaitems/SeriesLFFVideos/pub-lffv_121_VIDEO,Series,Enjoy Life Forever!—Videos,,https://akamd1.jw-cdn.org/sg2/p/86c62a/1/o/lffv_E_121_r720P.mp4,https://akamd1.jw-cdn.org/sg2/p/8d5287/1/o/lffv_E_121_r480P.mp4,https://akamd1.jw-cdn.org/sg2/p/f907a8/1/o/lffv_E_121_r360P.mp4,https://akamd1.jw-cdn.org/sg2/p/b98cbe/1/o/lffv_E_121_r240P.mp4,https://cms-imgp.jw-cdn.org/img/p/lffv/univ/art/lffv_univ_wss_121_lg.jpg,3:56
I Put the Truth on Trial,https://www.jw.org/en/library/videos/#en/mediaitems/SeriesLFFVideos/pub-lffv_122_VIDEO,Series,Enjoy Life Forever!—Videos,,https://akamd1.jw-cdn.org/sg2/p/013f3a3/1/o/lffv_E_122_r720P.mp4,https://akamd1.jw-cdn.org/sg2/p/4824204/1/o/lffv_E_122_r480P.mp4,https://akamd1.jw-cdn.org/sg2/p/c32253/1/o/lffv_E_122_r360P.mp4,https://akamd1.jw-cdn.org/sg2/p/effc86/1/o/lffv_E_122_r240P.mp4,https://cms-imgp.jw-cdn.org/img/p/lffv/univ/art/lffv_univ_wss_122_lg.jpg,6:30
Rewarded for Persevering,https://www.jw.org/en/library/videos/#en/mediaitems/SeriesLFFVideos/pub-lffv_123_VIDEO,Series,Enjoy Life Forever!—Videos,,https://akamd1.jw-cdn.org/sg2/p/3005d9/1/o/lffv_E_123_r720P.mp4,https://akamd1.jw-cdn.org/sg2/p/65feba/1/o/lffv_E_123_r480P.mp4,https://akamd1.jw-cdn.org/sg2/p/d177c58/1/o/lffv_E_123_r360P.mp4,https://akamd1.jw-cdn.org/sg2/p/243848/1/o/lffv_E_123_r240P.mp4,https://cms-imgp.jw-cdn.org/img/p/lffv/univ/art/lffv_univ_wss_123_lg.jpg,5:22
Does God Accept All Forms of Worship?—Excerpt,https://www.jw.org/en/library/videos/#en/mediaitems/SeriesLFFVideos/pub-lffv_131_VIDEO,Series,Enjoy Life Forever!—Videos,,https://akamd1.jw-cdn.org/sg2/p/ebc3e1/1/o/lffv_E_131_r720P.mp4,https://akamd1.jw-cdn.org/sg2/p/2d1ea1/1/o/lffv_E_131_r480P.mp4,https://akamd1.jw-cdn.org/sg2/p/4ebc44/1/o/lffv_E_131_r360P.mp4,https://akamd1.jw-cdn.org/sg2/p/544a1d/1/o/lffv_E_131_r240P.mp4,https://cms-imgp.jw-cdn.org/img/p/lffv/univ/art/lffv_univ_wss_131_lg.jpg,3:22
The Churches' Role in World War II,https://www.jw.org/en/library/videos/#en/mediaitems/SeriesLFFVideos/pub-lffv_132_VIDEO,Series,Enjoy Life Forever!—Videos,,,https://akamd1.jw-cdn.org/sg2/p/4f5461/1/o/lffv_E_132_r480P.mp4,https://akamd1.jw-cdn.org/sg2/p/b7aff4/1/o/lffv_E_132_r360P.mp4,https://akamd1.jw-cdn.org/sg2/p/c1047f/1/o/lffv_E_132_r240P.mp4,https://cms-imgp.jw-cdn.org/img/p/lffv/univ/art/lffv_univ_wss_132_lg.jpg,2:22
Liberated by Truth,https://www.jw.org/en/library/videos/#en/mediaitems/SeriesLFFVideos/pub-lffv_141_VIDEO,Series,Enjoy Life Forever!—Videos,,https://akamd1.jw-cdn.org/sg2/p/15f21e/1/o/lffv_E_141_r720P.mp4,https://akamd1.jw-cdn.org/sg2/p/1ecf05/1/o/lffv_E_141_r480P.mp4,https://akamd1.jw-cdn.org/sg2/p/ab86a3/1/o/lffv_E_141_r360P.mp4,https://akamd1.jw-cdn.org/sg2/p/0fcc3a/1/o/lffv_E_141_r240P.mp4,https://cms-imgp.jw-cdn.org/img/p/lffv/univ/art/lffv_univ_wss_141_lg.jpg,5:16
Jehovah Cared for Me,https://www.jw.org/en/library/videos/#en/mediaitems/SeriesLFFVideos/pub-lffv_142_VIDEO,Series,Enjoy Life Forever!—Videos,,https://akamd1.jw-cdn.org/sg2/p/d5ec9e/1/o/lffv_E_142_r720P.mp4,https://akamd1.jw-cdn.org/sg2/p/518fd86/1/o/lffv_E_142_r480P.mp4,https://akamd1.jw-cdn.org/sg2/p/e3b13e/1/o/lffv_E_142_r360P.mp4,https://akamd1.jw-cdn.org/sg2/p/dd85a0/1/o/lffv_E_142_r240P.mp4,https://cms-imgp.jw-cdn.org/img/p/lffv/univ/art/lffv_univ_wss_142_lg.jpg,3:07
Jesus Fulfills Prophecy,https://www.jw.org/en/library/videos/#en/mediaitems/SeriesLFFVideos/pub-lffv_151_VIDEO,Series,Enjoy Life Forever!—Videos,,https://akamd1.jw-cdn.org/sg2/p/2bfd77/1/o/lffv_E_151_r720P.mp4,https://akamd1.jw-cdn.org/sg2/p/a5eb6a/1/o/lffv_E_151_r480P.mp4,https://akamd1.jw-cdn.org/sg2/p/08f061/1/o/lffv_E_151_r360P.mp4,https://akamd1.jw-cdn.org/sg2/p/2cf11e/1/o/lffv_E_151_r240P.mp4,https://cms-imgp.jw-cdn.org/img/p/lffv/univ/art/lffv_univ_wss_151_lg.jpg,3:03
A Sick Woman Is Cured,https://www.jw.org/en/library/videos/#en/mediaitems/SeriesLFFVideos/pub-lffv_161_VIDEO,Series,Enjoy Life Forever!—Videos,,https://akamd1.jw-cdn.org/sg2/p/a809f0/1/o/lffv_E_161_r720P.mp4,https://akamd1.jw-cdn.org/sg2/p/d856b3/1/o/lffv_E_161_r480P.mp4,https://akamd1.jw-cdn.org/sg2/p/e44012/1/o/lffv_E_161_r360P.mp4,https://akamd1.jw-cdn.org/sg2/p/1c6307/1/o/lffv_E_161_r240P.mp4,https://cms-imgp.jw-cdn.org/img/p/lffv/univ/art/lffv_univ_wss_161_lg.jpg,5:10
"""There Is More Happiness in Giving""—Excerpt",https://www.jw.org/en/library/videos/#en/mediaitems/SeriesLFFVideos/pub-lffv_171_VIDEO,Series,Enjoy Life Forever!—Videos,,https://akamd1.jw-cdn.org/sg2/p/08461eb/1/o/lffv_E_171_r720P.mp4,https://akamd1.jw-cdn.org/sg2/p/06a3ff/1/o/lffv_E_171_r480P.mp4,https://akamd1.jw-cdn.org/sg2/p/66eaf2/1/o/lffv_E_171_r360P.mp4,https://akamd1.jw-cdn.org/sg2/p/d8b7ab6/1/o/lffv_E_171_r240P.mp4,https://cms-imgp.jw-cdn.org/img/p/lffv/univ/art/lffv_univ_wss_171_lg.jpg,4:00
How Christianity Was Corrupted,https://www.jw.org/en/library/videos/#en/mediaitems/SeriesLFFVideos/pub-lffv_181_VIDEO,Series,Enjoy Life Forever!—Videos,,,https://akamd1.jw-cdn.org/sg2/p/294b64/1/o/lffv_E_181_r480P.mp4,https://akamd1.jw-cdn.org/sg2/p/10eb0c/1/o/lffv_E_181_r360P.mp4,https://akamd1.jw-cdn.org/sg2/p/a7ffe67/1/o/lffv_E_181_r240P.mp4,https://cms-imgp.jw-cdn.org/img/p/lffv/univ/art/lffv_univ_wss_181_lg.jpg,5:11
Jehovah's Witnesses—Who Are We?,https://www.jw.org/en/library/videos/#en/mediaitems/SeriesLFFVideos/pub-lffv_182_VIDEO,Series,Enjoy Life Forever!—Videos,,https://akamd1.jw-cdn.org/sg2/p/97d6cb/1/o/lffv_E_182_r720P.mp4,https://akamd1.jw-cdn.org/sg2/p/881b5d/1/o/lffv_E_182_r480P.mp4,https://akamd1.jw-cdn.org/sg2/p/8faca96/1/o/lffv_E_182_r360P.mp4,https://akamd1.jw-cdn.org/sg2/p/e384714/1/o/lffv_E_182_r240P.mp4,https://cms-imgp.jw-cdn.org/img/p/lffv/univ/art/lffv_univ_wss_182_lg.jpg,1:13
Helping Our Brothers When Disaster Strikes—Excerpt,https://www.jw.org/en/library/videos/#en/mediaitems/SeriesLFFVideos/pub-lffv_183_VIDEO,Series,Enjoy Life Forever!—Videos,,https://akamd1.jw-cdn.org/sg2/p/25886b/1/o/lffv_E_183_r720P.mp4,https://akamd1.jw-cdn.org/sg2/p/ede018/1/o/lffv_E_183_r480P.mp4,https://akamd1.jw-cdn.org/sg2/p/19baf5/1/o/lffv_E_183_r360P.mp4,https://akamd1.jw-cdn.org/sg2/p/b1ffe7/1/o/lffv_E_183_r240P.mp4,https://cms-imgp.jw-cdn.org/img/p/lffv/univ/art/lffv_univ_wss_183_lg.jpg,3:57
He Offered to Surrender His Life,https://www.jw.org/en/library/videos/#en/mediaitems/SeriesLFFVideos/pub-lffv_184_VIDEO,Series,Enjoy Life Forever!—Videos,,https://akamd1.jw-cdn.org/sg2/p/c6d5171/1/o/lffv_E_184_r720P.mp4,https://akamd1.jw-cdn.org/sg2/p/e3f38f/1/o/lffv_E_184_r480P.mp4,https://akamd1.jw-cdn.org/sg2/p/640f363/1/o/lffv_E_184_r360P.mp4,https://akamd1.jw-cdn.org/sg2/p/e18901/1/o/lffv_E_184_r240P.mp4,https://cms-imgp.jw-cdn.org/img/p/lffv/univ/art/lffv_univ_wss_184_lg.jpg,2:55
Rediscovering Bible Truth,https://www.jw.org/en/library/videos/#en/mediaitems/SeriesLFFVideos/pub-lffv_191_VIDEO,Series,Enjoy Life Forever!—Videos,,,https://akamd1.jw-cdn.org/sg2/p/b13700/1/o/lffv_E_191_r480P.mp4,https://akamd1.jw-cdn.org/sg2/p/0aa25ab/1/o/lffv_E_191_r360P.mp4,https://akamd1.jw-cdn.org/sg2/p/846ed1/1/o/lffv_E_191_r240P.mp4,https://cms-imgp.jw-cdn.org/img/p/lffv/univ/art/lffv_univ_wss_191_lg.jpg,7:45
A Name That Defines Us,https://www.jw.org/en/library/videos/#en/mediaitems/SeriesLFFVideos/pub-lffv_192_VIDEO,Series,Enjoy Life Forever!—Videos,,,https://akamd1.jw-cdn.org/sg2/p/b727a0/2/o/lffv_E_192_r480P.mp4,https://akamd1.jw-cdn.org/sg2/p/ac02b1/2/o/lffv_E_192_r360P.mp4,https://akamd1.jw-cdn.org/sg2/p/01d0d87/2/o/lffv_E_192_r240P.mp4,https://cms-imgp.jw-cdn.org/img/p/lffv/univ/art/lffv_univ_wss_192_lg.jpg,2:40
God's People Glorify His Name,https://www.jw.org/en/library/videos/#en/mediaitems/SeriesLFFVideos/pub-lffv_193_VIDEO,Series,Enjoy Life Forever!—Videos,,https://akamd1.jw-cdn.org/sg2/p/b2e4c9/1/o/lffv_E_193_r720P.mp4,https://akamd1.jw-cdn.org/sg2/p/fa6362/1/o/lffv_E_193_r480P.mp4,https://akamd1.jw-cdn.org/sg2/p/ae12f5/1/o/lffv_E_193_r360P.mp4,https://akamd1.jw-cdn.org/sg2/p/1df154/1/o/lffv_E_193_r240P.mp4,https://cms-imgp.jw-cdn.org/img/p/lffv/univ/art/lffv_univ_wss_193_lg.jpg,7:08
Elders Respond to Nepal Earthquake,https://www.jw.org/en/library/videos/#en/mediaitems/SeriesLFFVideos/pub-lffv_201_VIDEO,Series,Enjoy Life Forever!—Videos,,https://akamd1.jw-cdn.org/sg2/p/e405ad/2/o/lffv_E_201_r720P.mp4,https://akamd1.jw-cdn.org/sg2/p/4abcb7/2/o/lffv_E_201_r480P.mp4,https://akamd1.jw-cdn.org/sg2/p/030c50/2/o/lffv_E_201_r360P.mp4,https://akamd1.jw-cdn.org/sg2/p/231c51/2/o/lffv_E_201_r240P.mp4,https://cms-imgp.jw-cdn.org/img/p/lffv/univ/art/lffv_univ_wss_201_lg.jpg,4:56
Strengthening the Brothers Under Ban,https://www.jw.org/en/library/videos/#en/mediaitems/SeriesLFFVideos/pub-lffv_202_VIDEO,Series,Enjoy Life Forever!—Videos,,https://akamd1.jw-cdn.org/sg2/p/d469c4/1/o/lffv_E_202_r720P.mp4,https://akamd1.jw-cdn.org/sg2/p/0ac708/1/o/lffv_E_202_r480P.mp4,https://akamd1.jw-cdn.org/sg2/p/736b8c/1/o/lffv_E_202_r360P.mp4,https://akamd1.jw-cdn.org/sg2/p/b97df6/1/o/lffv_E_202_r240P.mp4,https://cms-imgp.jw-cdn.org/img/p/lffv/univ/art/lffv_univ_wss_202_lg.jpg,4:22
Legally Defending the Good News,https://www.jw.org/en/library/videos/#en/mediaitems/SeriesLFFVideos/pub-lffv_211_VIDEO,Series,Enjoy Life Forever!—Videos,,https://akamd1.jw-cdn.org/sg2/p/a7ccdb/2/o/lffv_E_211_r720P.mp4,https://akamd1.jw-cdn.org/sg2/p/883a89/2/o/lffv_E_211_r480P.mp4,https://akamd1.jw-cdn.org/sg2/p/b27819/2/o/lffv_E_211_r360P.mp4,https://akamd1.jw-cdn.org/sg2/p/cbafb9/2/o/lffv_E_211_r240P.mp4,https://cms-imgp.jw-cdn.org/img/p/lffv/univ/art/lffv_univ_wss_211_lg.jpg,2:28
I Prayed to Jehovah for Courage,https://www.jw.org/en/library/videos/#en/mediaitems/SeriesLFFVideos/pub-lffv_221_VIDEO,Series,Enjoy Life Forever!—Videos,,https://akamd1.jw-cdn.org/sg2/p/a2f536/1/o/lffv_E_221_r720P.mp4,https://akamd1.jw-cdn.org/sg2/p/6b6a06/1/o/lffv_E_221_r480P.mp4,https://akamd1.jw-cdn.org/sg2/p/331f79/1/o/lffv_E_221_r360P.mp4,https://akamd1.jw-cdn.org/sg2/p/5728dcb/1/o/lffv_E_221_r240P.mp4,https://cms-imgp.jw-cdn.org/img/p/lffv/univ/art/lffv_univ_wss_221_lg.jpg,4:05
Building a Relationship With Jehovah,https://www.jw.org/en/library/videos/#en/mediaitems/SeriesLFFVideos/pub-lffv_231_VIDEO,Series,Enjoy Life Forever!—Videos,,https://akamd1.jw-cdn.org/sg2/p/2b11159/1/o/lffv_E_231_r720P.mp4,https://akamd1.jw-cdn.org/sg2/p/2a05396/1/o/lffv_E_231_r480P.mp4,https://akamd1.jw-cdn.org/sg2/p/efbe17/1/o/lffv_E_231_r360P.mp4,https://akamd1.jw-cdn.org/sg2/p/de1c95/1/o/lffv_E_231_r240P.mp4,https://cms-imgp.jw-cdn.org/img/p/lffv/univ/art/lffv_univ_wss_231_lg.jpg,1:11
Why Did God Create the Earth—Excerpt,https://www.jw.org/en/library/videos/#en/mediaitems/SeriesLFFVideos/pub-lffv_251_VIDEO,Series,Enjoy Life Forever!—Videos,,https://akamd1.jw-cdn.org/sg2/p/3e69b8/1/o/lffv_E_251_r720P.mp4,https://akamd1.jw-cdn.org/sg2/p/6b996e/1/o/lffv_E_251_r480P.mp4,https://akamd1.jw-cdn.org/sg2/p/1d698d/1/o/lffv_E_251_r360P.mp4,https://akamd1.jw-cdn.org/sg2/p/710094c/1/o/lffv_E_251_r240P.mp4,https://cms-imgp.jw-cdn.org/img/p/lffv/univ/art/lffv_univ_wss_251_lg.jpg,1:41
Now I Have a Life of Purpose,https://www.jw.org/en/library/videos/#en/mediaitems/SeriesLFFVideos/pub-lffv_252_VIDEO,Series,Enjoy Life Forever!—Videos,,https://akamd1.jw-cdn.org/sg2/p/8516e5/1/o/lffv_E_252_r720P.mp4,https://akamd1.jw-cdn.org/sg2/p/e54b10/1/o/lffv_E_252_r480P.mp4,https://akamd1.jw-cdn.org/sg2/p/d33c6d/1/o/lffv_E_252_r360P.mp4,https://akamd1.jw-cdn.org/sg2/p/c77285/1/o/lffv_E_252_r240P.mp4,https://cms-imgp.jw-cdn.org/img/p/lffv/univ/art/lffv_univ_wss_252_lg.jpg,3:55
I Learned the Purpose of Life,https://www.jw.org/en/library/videos/#en/mediaitems/SeriesLFFVideos/pub-lffv_253_VIDEO,Series,Enjoy Life Forever!—Videos,,https://akamd1.jw-cdn.org/sg2/p/537873/1/o/lffv_E_253_r720P.mp4,https://akamd1.jw-cdn.org/sg2/p/940b66/1/o/lffv_E_253_r480P.mp4,https://akamd1.jw-cdn.org/sg2/p/50955d6/1/o/lffv_E_253_r360P.mp4,https://akamd1.jw-cdn.org/sg2/p/ee2474/1/o/lffv_E_253_r240P.mp4,https://cms-imgp.jw-cdn.org/img/p/lffv/univ/art/lffv_univ_wss_253_lg.jpg,5:03
Who Controls the World?,https://www.jw.org/en/library/videos/#en/mediaitems/SeriesLFFVideos/pub-lffv_261_VIDEO,Series,Enjoy Life Forever!—Videos,,https://akamd1.jw-cdn.org/sg2/p/8485dd/1/o/lffv_E_261_r720P.mp4,https://akamd1.jw-cdn.org/sg2/p/8629d8/1/o/lffv_E_261_r480P.mp4,https://akamd1.jw-cdn.org/sg2/p/4c2b8b/1/o/lffv_E_261_r360P.mp4,https://akamd1.jw-cdn.org/sg2/p/3c6bfa/1/o/lffv_E_261_r240P.mp4,https://cms-imgp.jw-cdn.org/img/p/lffv/univ/art/lffv_univ_wss_261_lg.jpg,1:24
Why Does God Allow Suffering?—Excerpt,https://www.jw.org/en/library/videos/#en/mediaitems/SeriesLFFVideos/pub-lffv_262_VIDEO,Series,Enjoy Life Forever!—Videos,,https://akamd1.jw-cdn.org/sg2/p/a731582/1/o/lffv_E_262_r720P.mp4,https://akamd1.jw-cdn.org/sg2/p/4e08a2/1/o/lffv_E_262_r480P.mp4,https://akamd1.jw-cdn.org/sg2/p/e3852e/1/o/lffv_E_262_r360P.mp4,https://akamd1.jw-cdn.org/sg2/p/48da7a/1/o/lffv_E_262_r240P.mp4,https://cms-imgp.jw-cdn.org/img/p/lffv/univ/art/lffv_univ_wss_262_lg.jpg,3:07
I'm Not on My Own Anymore,https://www.jw.org/en/library/videos/#en/mediaitems/SeriesLFFVideos/pub-lffv_263_VIDEO,Series,Enjoy Life Forever!—Videos,,https://akamd1.jw-cdn.org/sg2/p/06408f3/1/o/lffv_E_263_r720P.mp4,https://akamd1.jw-cdn.org/sg2/p/76b1fd/1/o/lffv_E_263_r480P.mp4,https://akamd1.jw-cdn.org/sg2/p/50dd63/1/o/lffv_E_263_r360P.mp4,https://akamd1.jw-cdn.org/sg2/p/74aef5/1/o/lffv_E_263_r240P.mp4,https://cms-imgp.jw-cdn.org/img/p/lffv/univ/art/lffv_univ_wss_263_lg.jpg,5:09
Why Did Jesus Die?—Part 1,https://www.jw.org/en/library/videos/#en/mediaitems/SeriesLFFVideos/pub-lffv_271_VIDEO,Series,Enjoy Life Forever!—Videos,,https://akamd1.jw-cdn.org/sg2/p/c07768/1/o/lffv_E_271_r720P.mp4,https://akamd1.jw-cdn.org/sg2/p/997fd2/1/o/lffv_E_271_r480P.mp4,https://akamd1.jw-cdn.org/sg2/p/cce7f2c/1/o/lffv_E_271_r360P.mp4,https://akamd1.jw-cdn.org/sg2/p/218c27/1/o/lffv_E_271_r240P.mp4,https://cms-imgp.jw-cdn.org/img/p/lffv/univ/art/lffv_univ_wss_271_lg.jpg,2:01
Why Did Jesus Die?—Part 2,https://www.jw.org/en/library/videos/#en/mediaitems/SeriesLFFVideos/pub-lffv_272_VIDEO,Series,Enjoy Life Forever!—Videos,,https://akamd1.jw-cdn.org/sg2/p/a42ee32/1/o/lffv_E_272_r720P.mp4,https://akamd1.jw-cdn.org/sg2/p/d59e8e/1/o/lffv_E_272_r480P.mp4,https://akamd1.jw-cdn.org/sg2/p/520899/1/o/lffv_E_272_r360P.mp4,https://akamd1.jw-cdn.org/sg2/p/9e068c/1/o/lffv_E_272_r240P.mp4,https://cms-imgp.jw-cdn.org/img/p/lffv/univ/art/lffv_univ_wss_272_lg.jpg,2:00
What Is the Condition of the Dead?—Excerpt,https://www.jw.org/en/library/videos/#en/mediaitems/SeriesLFFVideos/pub-lffv_291_VIDEO,Series,Enjoy Life Forever!—Videos,,https://akamd1.jw-cdn.org/sg2/p/3d8f533/1/o/lffv_E_291_r720P.mp4,https://akamd1.jw-cdn.org/sg2/p/c73e07/1/o/lffv_E_291_r480P.mp4,https://akamd1.jw-cdn.org/sg2/p/957953/1/o/lffv_E_291_r360P.mp4,https://akamd1.jw-cdn.org/sg2/p/3cb6fc/1/o/lffv_E_291_r240P.mp4,https://cms-imgp.jw-cdn.org/img/p/lffv/univ/art/lffv_univ_wss_291_lg.jpg,1:19
Jesus Resurrects Lazarus,https://www.jw.org/en/library/videos/#en/mediaitems/SeriesLFFVideos/pub-lffv_301_VIDEO,Series,Enjoy Life Forever!—Videos,,https://akamd1.jw-cdn.org/sg2/p/d9c60a/1/o/lffv_E_301_r720P.mp4,https://akamd1.jw-cdn.org/sg2/p/717e777/1/o/lffv_E_301_r480P.mp4,https://akamd1.jw-cdn.org/sg2/p/f06857/1/o/lffv_E_301_r360P.mp4,https://akamd1.jw-cdn.org/sg2/p/2fd940/1/o/lffv_E_301_r240P.mp4,https://cms-imgp.jw-cdn.org/img/p/lffv/univ/art/lffv_univ_wss_301_lg.jpg,1:16
What Is God's Kingdom?—Excerpt,https://www.jw.org/en/library/videos/#en/mediaitems/SeriesLFFVideos/pub-lffv_311_VIDEO,Series,Enjoy Life Forever!—Videos,,https://akamd1.jw-cdn.org/sg2/p/764158/1/o/lffv_E_311_r720P.mp4,https://akamd1.jw-cdn.org/sg2/p/19abac/1/o/lffv_E_311_r480P.mp4,https://akamd1.jw-cdn.org/sg2/p/0ff40a/1/o/lffv_E_311_r360P.mp4,https://akamd1.jw-cdn.org/sg2/p/12eeae/1/o/lffv_E_311_r240P.mp4,https://cms-imgp.jw-cdn.org/img/p/lffv/univ/art/lffv_univ_wss_311_lg.jpg,1:41
Devoted to God's Kingdom,https://www.jw.org/en/library/videos/#en/mediaitems/SeriesLFFVideos/pub-lffv_312_VIDEO,Series,Enjoy Life Forever!—Videos,,,https://akamd1.jw-cdn.org/sg2/p/1e1021/1/o/lffv_E_312_r480P.mp4,https://akamd1.jw-cdn.org/sg2/p/9d1498/1/o/lffv_E_312_r360P.mp4,https://akamd1.jw-cdn.org/sg2/p/2ebc132/1/o/lffv_E_312_r240P.mp4,https://cms-imgp.jw-cdn.org/img/p/lffv/univ/art/lffv_univ_wss_312_lg.jpg,1:44
God’s Kingdom Began Ruling in 1914,https://www.jw.org/en/library/videos/#en/mediaitems/SeriesLFFVideos/pub-lffv_321_VIDEO,Series,Enjoy Life Forever!—Videos,,https://akamd1.jw-cdn.org/sg2/p/72c5ad/2/o/lffv_E_321_r720P.mp4,https://akamd1.jw-cdn.org/sg2/p/c9281ad/2/o/lffv_E_321_r480P.mp4,https://akamd1.jw-cdn.org/sg2/p/5ebe7d/2/o/lffv_E_321_r360P.mp4,https://akamd1.jw-cdn.org/sg2/p/9ec3ff/2/o/lffv_E_321_r240P.mp4,https://cms-imgp.jw-cdn.org/img/p/lffv/univ/art/lffv_univ_wss_321_lg.jpg,5:02
The World Has Changed Since 1914,https://www.jw.org/en/library/videos/#en/mediaitems/SeriesLFFVideos/pub-lffv_322_VIDEO,Series,Enjoy Life Forever!—Videos,,https://akamd1.jw-cdn.org/sg2/p/0facc0/2/o/lffv_E_322_r720P.mp4,https://akamd1.jw-cdn.org/sg2/p/c891ef/2/o/lffv_E_322_r480P.mp4,https://akamd1.jw-cdn.org/sg2/p/76a469/2/o/lffv_E_322_r360P.mp4,https://akamd1.jw-cdn.org/sg2/p/5cc82b/2/o/lffv_E_322_r240P.mp4,https://cms-imgp.jw-cdn.org/img/p/lffv/univ/art/lffv_univ_wss_322_lg.jpg,1:10
Jesus Showed What the Kingdom Will Accomplish,https://www.jw.org/en/library/videos/#en/mediaitems/SeriesLFFVideos/pub-lffv_331_VIDEO,Series,Enjoy Life Forever!—Videos,,https://akamd1.jw-cdn.org/sg2/p/c3005c/1/o/lffv_E_331_r720P.mp4,https://akamd1.jw-cdn.org/sg2/p/843fe7/1/o/lffv_E_331_r480P.mp4,https://akamd1.jw-cdn.org/sg2/p/6e31ff/1/o/lffv_E_331_r360P.mp4,https://akamd1.jw-cdn.org/sg2/p/028cd4/1/o/lffv_E_331_r240P.mp4,https://cms-imgp.jw-cdn.org/img/p/lffv/univ/art/lffv_univ_wss_331_lg.jpg,1:13
A Glimpse Into a Wonderful Future,https://www.jw.org/en/library/videos/#en/mediaitems/SeriesLFFVideos/pub-lffv_332_VIDEO,Series,Enjoy Life Forever!—Videos,,https://akamd1.jw-cdn.org/sg2/p/370120/2/o/lffv_E_332_r720P.mp4,https://akamd1.jw-cdn.org/sg2/p/fba86d/2/o/lffv_E_332_r480P.mp4,https://akamd1.jw-cdn.org/sg2/p/ffbb46/2/o/lffv_E_332_r360P.mp4,https://akamd1.jw-cdn.org/sg2/p/cee89c/2/o/lffv_E_332_r240P.mp4,https://cms-imgp.jw-cdn.org/img/p/lffv/univ/art/lffv_univ_wss_332_lg.jpg,4:38
Let Bible Principles Guide You,https://www.jw.org/en/library/videos/#en/mediaitems/SeriesLFFVideos/pub-lffv_351_VIDEO,Series,Enjoy Life Forever!—Videos,,https://akamd1.jw-cdn.org/sg2/p/3b198b/1/o/lffv_E_351_r720P.mp4,https://akamd1.jw-cdn.org/sg2/p/bba56b/1/o/lffv_E_351_r480P.mp4,https://akamd1.jw-cdn.org/sg2/p/6c02e8/1/o/lffv_E_351_r360P.mp4,https://akamd1.jw-cdn.org/sg2/p/82e463/1/o/lffv_E_351_r240P.mp4,https://cms-imgp.jw-cdn.org/img/p/lffv/univ/art/lffv_univ_wss_351_lg.jpg,5:54
What Contributes to Joy?—A Clean Conscience,https://www.jw.org/en/library/videos/#en/mediaitems/SeriesLFFVideos/pub-lffv_361_VIDEO,Series,Enjoy Life Forever!—Videos,,https://akamd1.jw-cdn.org/sg2/p/e99bdb/1/o/lffv_E_361_r720P.mp4,https://akamd1.jw-cdn.org/sg2/p/a07e79/1/o/lffv_E_361_r480P.mp4,https://akamd1.jw-cdn.org/sg2/p/043379/1/o/lffv_E_361_r360P.mp4,https://akamd1.jw-cdn.org/sg2/p/5931b0a/1/o/lffv_E_361_r240P.mp4,https://cms-imgp.jw-cdn.org/img/p/lffv/univ/art/lffv_univ_wss_361_lg.jpg,2:32
Be Safety Conscious,https://www.jw.org/en/library/videos/#en/mediaitems/SeriesLFFVideos/pub-lffv_381_VIDEO,Series,Enjoy Life Forever!—Videos,,https://akamd1.jw-cdn.org/sg2/p/b294ef9/1/o/lffv_E_381_r720P.mp4,https://akamd1.jw-cdn.org/sg2/p/c19d04/1/o/lffv_E_381_r480P.mp4,https://akamd1.jw-cdn.org/sg2/p/478e8b/1/o/lffv_E_381_r360P.mp4,https://akamd1.jw-cdn.org/sg2/p/e82e0ee/1/o/lffv_E_381_r240P.mp4,https://cms-imgp.jw-cdn.org/img/p/lffv/univ/art/lffv_univ_wss_381_lg.jpg,8:34
How to Make Health-Care Decisions Regarding Blood,https://www.jw.org/en/library/videos/#en/mediaitems/SeriesLFFVideos/pub-lffv_391_VIDEO,Series,Enjoy Life Forever!—Videos,,https://akamd1.jw-cdn.org/sg2/p/e6a6b4/3/o/lffv_E_391_r720P.mp4,https://akamd1.jw-cdn.org/sg2/p/4492b6/3/o/lffv_E_391_r480P.mp4,https://akamd1.jw-cdn.org/sg2/p/9da605/3/o/lffv_E_391_r360P.mp4,https://akamd1.jw-cdn.org/sg2/p/b6cf8d/3/o/lffv_E_391_r240P.mp4,https://cms-imgp.jw-cdn.org/img/p/lffv/univ/art/lffv_univ_wss_391_lg.jpg,5:47
Health and Hygiene—Handwashing,https://www.jw.org/en/library/videos/#en/mediaitems/SeriesLFFVideos/pub-lffv_401_VIDEO,Series,Enjoy Life Forever!—Videos,,https://akamd1.jw-cdn.org/sg2/p/d3d0f5/1/o/lffv_E_401_r720P.mp4,https://akamd1.jw-cdn.org/sg2/p/9ce743/1/o/lffv_E_401_r480P.mp4,https://akamd1.jw-cdn.org/sg2/p/c7f031/1/o/lffv_E_401_r360P.mp4,https://akamd1.jw-cdn.org/sg2/p/8aaa1e/1/o/lffv_E_401_r240P.mp4,https://cms-imgp.jw-cdn.org/img/p/lffv/univ/art/lffv_univ_wss_401_lg.jpg,3:01
Take Action to Remain Clean,https://www.jw.org/en/library/videos/#en/mediaitems/SeriesLFFVideos/pub-lffv_402_VIDEO,Series,Enjoy Life Forever!—Videos,,https://akamd1.jw-cdn.org/sg2/p/8beb9ca/1/o/lffv_E_402_r720P.mp4,https://akamd1.jw-cdn.org/sg2/p/d9149a/1/o/lffv_E_402_r480P.mp4,https://akamd1.jw-cdn.org/sg2/p/46118c/1/o/lffv_E_402_r360P.mp4,https://akamd1.jw-cdn.org/sg2/p/e6efbf/1/o/lffv_E_402_r240P.mp4,https://cms-imgp.jw-cdn.org/img/p/lffv/univ/art/lffv_univ_wss_402_lg.jpg,1:51
Exercising Self-Control,https://www.jw.org/en/library/videos/#en/mediaitems/SeriesLFFVideos/pub-lffv_403_VIDEO,Series,Enjoy Life Forever!—Videos,,https://akamd1.jw-cdn.org/sg2/p/713fa0/1/o/lffv_E_403_r720P.mp4,https://akamd1.jw-cdn.org/sg2/p/c659df/1/o/lffv_E_403_r480P.mp4,https://akamd1.jw-cdn.org/sg2/p/72e40a/1/o/lffv_E_403_r360P.mp4,https://akamd1.jw-cdn.org/sg2/p/905fca5/1/o/lffv_E_403_r240P.mp4,https://cms-imgp.jw-cdn.org/img/p/lffv/univ/art/lffv_univ_wss_403_lg.jpg,2:47
Fight Temptation With Bible Reading,https://www.jw.org/en/library/videos/#en/mediaitems/SeriesLFFVideos/pub-lffv_411_VIDEO,Series,Enjoy Life Forever!—Videos,,https://akamd1.jw-cdn.org/sg2/p/981c17/1/o/lffv_E_411_r720P.mp4,https://akamd1.jw-cdn.org/sg2/p/717a40/1/o/lffv_E_411_r480P.mp4,https://akamd1.jw-cdn.org/sg2/p/b60126/1/o/lffv_E_411_r360P.mp4,https://akamd1.jw-cdn.org/sg2/p/a09fb60/1/o/lffv_E_411_r240P.mp4,https://cms-imgp.jw-cdn.org/img/p/lffv/univ/art/lffv_univ_wss_411_lg.jpg,3:02
I Was Hoping That She Would Learn the Truth,https://www.jw.org/en/library/videos/#en/mediaitems/SeriesLFFVideos/pub-lffv_421_VIDEO,Series,Enjoy Life Forever!—Videos,,https://akamd1.jw-cdn.org/sg2/p/691c77/1/o/lffv_E_421_r720P.mp4,https://akamd1.jw-cdn.org/sg2/p/ba0f8d/1/o/lffv_E_421_r480P.mp4,https://akamd1.jw-cdn.org/sg2/p/10afb9/1/o/lffv_E_421_r360P.mp4,https://akamd1.jw-cdn.org/sg2/p/9300aa/1/o/lffv_E_421_r240P.mp4,https://cms-imgp.jw-cdn.org/img/p/lffv/univ/art/lffv_univ_wss_421_lg.jpg,1:56
Faithful Single Ones,https://www.jw.org/en/library/videos/#en/mediaitems/SeriesLFFVideos/pub-lffv_422_VIDEO,Series,Enjoy Life Forever!—Videos,,https://akamd1.jw-cdn.org/sg2/p/e13326c/1/o/lffv_E_422_r720P.mp4,https://akamd1.jw-cdn.org/sg2/p/0369c7/1/o/lffv_E_422_r480P.mp4,https://akamd1.jw-cdn.org/sg2/p/6420b1/1/o/lffv_E_422_r360P.mp4,https://akamd1.jw-cdn.org/sg2/p/af4d76/1/o/lffv_E_422_r240P.mp4,https://cms-imgp.jw-cdn.org/img/p/lffv/univ/art/lffv_univ_wss_422_lg.jpg,3:11
You Can Meet Jehovah’s Standards for Marriage,https://www.jw.org/en/library/videos/#en/mediaitems/SeriesLFFVideos/pub-lffv_423_VIDEO,Series,Enjoy Life Forever!—Videos,,https://akamd1.jw-cdn.org/sg2/p/5a20ef/2/o/lffv_E_423_r720P.mp4,https://akamd1.jw-cdn.org/sg2/p/afcaa2/2/o/lffv_E_423_r480P.mp4,https://akamd1.jw-cdn.org/sg2/p/42d388/2/o/lffv_E_423_r360P.mp4,https://akamd1.jw-cdn.org/sg2/p/1a2cbcc/2/o/lffv_E_423_r240P.mp4,https://cms-imgp.jw-cdn.org/img/p/lffv/univ/art/lffv_univ_wss_423_lg.jpg,4:14
Preparing for Marriage,https://www.jw.org/en/library/videos/#en/mediaitems/SeriesLFFVideos/pub-lffv_424_VIDEO,Series,Enjoy Life Forever!—Videos,,https://akdd1.jw-cdn.org/sg2/p/050fbd/3/o/lffv_E_424_r720P.mp4,https://akamd1.jw-cdn.org/sg2/p/fde02f/3/o/lffv_E_424_r480P.mp4,https://akamd1.jw-cdn.org/sg2/p/8456b5/3/o/lffv_E_424_r360P.mp4,https://akamd1.jw-cdn.org/sg2/p/2aec61/3/o/lffv_E_424_r240P.mp4,https://cms-imgp.jw-cdn.org/img/p/lffv/univ/art/lffv_univ_wss_424_lg.jpg,11:53
Should I Serve Alcohol?,https://www.jw.org/en/library/videos/#en/mediaitems/SeriesLFFVideos/pub-lffv_431_VIDEO,Series,Enjoy Life Forever!—Videos,,https://akamd1.jw-cdn.org/sg2/p/aca91a/1/o/lffv_E_431_r720P.mp4,https://akamd1.jw-cdn.org/sg2/p/9ac168/1/o/lffv_E_431_r480P.mp4,https://akamd1.jw-cdn.org/sg2/p/a698a1/1/o/lffv_E_431_r360P.mp4,https://akamd1.jw-cdn.org/sg2/p/37ce9c/1/o/lffv_E_431_r240P.mp4,https://cms-imgp.jw-cdn.org/img/p/lffv/univ/art/lffv_univ_wss_431_lg.jpg,2:41
Tactfully Explain Your Beliefs,https://www.jw.org/en/library/videos/#en/mediaitems/SeriesLFFVideos/pub-lffv_442_VIDEO,Series,Enjoy Life Forever!—Videos,,https://akamd1.jw-cdn.org/sg2/p/c9b649/1/o/lffv_E_442_r720P.mp4,https://akamd1.jw-cdn.org/sg2/p/be38ca/1/o/lffv_E_442_r480P.mp4,https://akamd1.jw-cdn.org/sg2/p/61a8cf/1/o/lffv_E_442_r360P.mp4,https://akamd1.jw-cdn.org/sg2/p/cb94d2/1/o/lffv_E_442_r240P.mp4,https://cms-imgp.jw-cdn.org/img/p/lffv/univ/art/lffv_univ_wss_442_lg.jpg,2:01
True Christians Are Neutral—Part 1,https://www.jw.org/en/library/videos/#en/mediaitems/SeriesLFFVideos/pub-lffv_451_VIDEO,Series,Enjoy Life Forever!—Videos,,https://akamd1.jw-cdn.org/sg2/p/241ae0/1/o/lffv_E_451_r720P.mp4,https://akamd1.jw-cdn.org/sg2/p/6ad58f/1/o/lffv_E_451_r480P.mp4,https://akamd1.jw-cdn.org/sg2/p/bdd91c/1/o/lffv_E_451_r360P.mp4,https://akamd1.jw-cdn.org/sg2/p/277d20/1/o/lffv_E_451_r240P.mp4,https://cms-imgp.jw-cdn.org/img/p/lffv/univ/art/lffv_univ_wss_451_lg.jpg,4:28
True Christians Are Neutral—Part 2,https://www.jw.org/en/library/videos/#en/mediaitems/SeriesLFFVideos/pub-lffv_452_VIDEO,Series,Enjoy Life Forever!—Videos,,https://akamd1.jw-cdn.org/sg2/p/a03385/1/o/lffv_E_452_r720P.mp4,https://akamd1.jw-cdn.org/sg2/p/950d89/1/o/lffv_E_452_r480P.mp4,https://akamd1.jw-cdn.org/sg2/p/398abc/1/o/lffv_E_452_r360P.mp4,https://akamd1.jw-cdn.org/sg2/p/da58f92/1/o/lffv_E_452_r240P.mp4,https://cms-imgp.jw-cdn.org/img/p/lffv/univ/art/lffv_univ_wss_452_lg.jpg,3:11
True Christians Are Neutral—Part 3,https://www.jw.org/en/library/videos/#en/mediaitems/SeriesLFFVideos/pub-lffv_453_VIDEO,Series,Enjoy Life Forever!—Videos,,https://akamd1.jw-cdn.org/sg2/p/2a511ab/1/o/lffv_E_453_r720P.mp4,https://akamd1.jw-cdn.org/sg2/p/f5a177/1/o/lffv_E_453_r480P.mp4,https://akamd1.jw-cdn.org/sg2/p/d8302d/1/o/lffv_E_453_r360P.mp4,https://akamd1.jw-cdn.org/sg2/p/6d14b0/1/o/lffv_E_453_r240P.mp4,https://cms-imgp.jw-cdn.org/img/p/lffv/univ/art/lffv_univ_wss_453_lg.jpg,1:18
Jehovah Has Never Let Us Down,https://www.jw.org/en/library/videos/#en/mediaitems/SeriesLFFVideos/pub-lffv_454_VIDEO,Series,Enjoy Life Forever!—Videos,,https://akamd1.jw-cdn.org/sg2/p/d6ab7c/1/o/lffv_E_454_r720P.mp4,https://akamd1.jw-cdn.org/sg2/p/de012e/1/o/lffv_E_454_r480P.mp4,https://akamd1.jw-cdn.org/sg2/p/6e6caa/1/o/lffv_E_454_r360P.mp4,https://akamd1.jw-cdn.org/sg2/p/998e439/1/o/lffv_E_454_r240P.mp4,https://cms-imgp.jw-cdn.org/img/p/lffv/univ/art/lffv_univ_wss_454_lg.jpg,3:14
Presenting Your Gifts to God,https://www.jw.org/en/library/videos/#en/mediaitems/SeriesLFFVideos/pub-lffv_461_VIDEO,Series,Enjoy Life Forever!—Videos,,https://akamd1.jw-cdn.org/sg2/p/abe277/1/o/lffv_E_461_r720P.mp4,https://akamd1.jw-cdn.org/sg2/p/8ce4a6b/1/o/lffv_E_461_r480P.mp4,https://akamd1.jw-cdn.org/sg2/p/3c24cd/1/o/lffv_E_461_r360P.mp4,https://akamd1.jw-cdn.org/sg2/p/e3f3c63/1/o/lffv_E_461_r240P.mp4,https://cms-imgp.jw-cdn.org/img/p/lffv/univ/art/lffv_univ_wss_461_lg.jpg,3:04
Do I Really Deserve This?,https://www.jw.org/en/library/videos/#en/mediaitems/SeriesLFFVideos/pub-lffv_471_VIDEO,Series,Enjoy Life Forever!—Videos,,https://akamd1.jw-cdn.org/sg2/p/5c6aa6/1/o/lffv_E_471_r720P.mp4,https://akamd1.jw-cdn.org/sg2/p/b53aaa/1/o/lffv_E_471_r480P.mp4,https://akamd1.jw-cdn.org/sg2/p/34000a/1/o/lffv_E_471_r360P.mp4,https://akamd1.jw-cdn.org/sg2/p/8499a3/1/o/lffv_E_471_r240P.mp4,https://cms-imgp.jw-cdn.org/img/p/lffv/univ/art/lffv_univ_wss_471_lg.jpg,7:22
Family Worship—The Challenges and the Rewards,https://www.jw.org/en/library/videos/#en/mediaitems/SeriesLFFVideos/pub-lffv_501_VIDEO,Series,Enjoy Life Forever!—Videos,,https://akamd1.jw-cdn.org/sg2/p/28cc5d2/1/o/lffv_E_501_r720P.mp4,https://akamd1.jw-cdn.org/sg2/p/dc6e17/1/o/lffv_E_501_r480P.mp4,https://akamd1.jw-cdn.org/sg2/p/8d15ec/1/o/lffv_E_501_r360P.mp4,https://akamd1.jw-cdn.org/sg2/p/d6a6aa/1/o/lffv_E_501_r240P.mp4,https://cms-imgp.jw-cdn.org/img/p/lffv/univ/art/lffv_univ_wss_501_lg.jpg,8:04
Safeguard Your Children From Evil,https://www.jw.org/en/library/videos/#en/mediaitems/SeriesLFFVideos/pub-lffv_502_VIDEO,Series,Enjoy Life Forever!—Videos,,https://akamd1.jw-cdn.org/sg2/p/0ee04b/2/o/lffv_E_502_r720P.mp4,https://akamd1.jw-cdn.org/sg2/p/a3f0c2/2/o/lffv_E_502_r480P.mp4,https://akamd1.jw-cdn.org/sg2/p/7d59882/2/o/lffv_E_502_r360P.mp4,https://akamd1.jw-cdn.org/sg2/p/03a29b/2/o/lffv_E_502_r240P.mp4,https://cms-imgp.jw-cdn.org/img/p/lffv/univ/art/lffv_univ_wss_502_lg.jpg,2:58
Avoid Entertainment That Features Spiritism,https://www.jw.org/en/library/videos/#en/mediaitems/SeriesLFFVideos/pub-lffv_531_VIDEO,Series,Enjoy Life Forever!—Videos,,https://akamd1.jw-cdn.org/sg2/p/67bf23c/1/o/lffv_E_531_r720P.mp4,https://akamd1.jw-cdn.org/sg2/p/5bbab3c/1/o/lffv_E_531_r480P.mp4,https://akamd1.jw-cdn.org/sg2/p/d38eac/1/o/lffv_E_531_r360P.mp4,https://akamd1.jw-cdn.org/sg2/p/feab68/1/o/lffv_E_531_r240P.mp4,https://cms-imgp.jw-cdn.org/img/p/lffv/univ/art/lffv_univ_wss_531_lg.jpg,2:02
What Controls Your Time?,https://www.jw.org/en/library/videos/#en/mediaitems/SeriesLFFVideos/pub-lffv_532_VIDEO,Series,Enjoy Life Forever!—Videos,,https://akamd1.jw-cdn.org/sg2/p/305150/1/o/lffv_E_532_r720P.mp4,https://akamd1.jw-cdn.org/sg2/p/efa6d6/1/o/lffv_E_532_r480P.mp4,https://akamd1.jw-cdn.org/sg2/p/5bc567/1/o/lffv_E_532_r360P.mp4,https://akamd1.jw-cdn.org/sg2/p/7087fd/1/o/lffv_E_532_r240P.mp4,https://cms-imgp.jw-cdn.org/img/p/lffv/univ/art/lffv_univ_wss_532_lg.jpg,2:45
Jehovah Is Teaching His People,https://www.jw.org/en/library/videos/#en/mediaitems/SeriesLFFVideos/pub-lffv_541_VIDEO,Series,Enjoy Life Forever!—Videos,,https://akamd1.jw-cdn.org/sg2/p/be7609/4/o/lffv_E_541_r720P.mp4,https://akamd1.jw-cdn.org/sg2/p/9e3f24f/4/o/lffv_E_541_r480P.mp4,https://akamd1.jw-cdn.org/sg2/p/1395586/4/o/lffv_E_541_r360P.mp4,https://akamd1.jw-cdn.org/sg2/p/55c92c/4/o/lffv_E_541_r240P.mp4,https://cms-imgp.jw-cdn.org/img/p/lffv/univ/art/lffv_univ_wss_541_lg.jpg,9:39
Focused on the Preaching Work,https://www.jw.org/en/library/videos/#en/mediaitems/SeriesLFFVideos/pub-lffv_543_VIDEO,Series,Enjoy Life Forever!—Videos,,,https://akamd1.jw-cdn.org/sg2/p/3c99cc/2/o/lffv_E_543_r480P.mp4,https://akamd1.jw-cdn.org/sg2/p/d9af71/2/o/lffv_E_543_r360P.mp4,https://akamd1.jw-cdn.org/sg2/p/9d0644/2/o/lffv_E_543_r240P.mp4,https://cms-imgp.jw-cdn.org/img/p/lffv/univ/art/lffv_univ_wss_543_lg.jpg,1:24
A Cherished Privilege,https://www.jw.org/en/library/videos/#en/mediaitems/SeriesLFFVideos/pub-lffv_544_VIDEO,Series,Enjoy Life Forever!—Videos,,https://akamd1.jw-cdn.org/sg2/p/3f95db0/1/o/lffv_E_544_r720P.mp4,https://akamd1.jw-cdn.org/sg2/p/73493c/1/o/lffv_E_544_r480P.mp4,https://akamd1.jw-cdn.org/sg2/p/91f06b/1/o/lffv_E_544_r360P.mp4,https://akamd1.jw-cdn.org/sg2/p/ee04c8/1/o/lffv_E_544_r240P.mp4,https://cms-imgp.jw-cdn.org/img/p/lffv/univ/art/lffv_univ_wss_544_lg.jpg,7:04
Jehovah Organizes His People,https://www.jw.org/en/library/videos/#en/mediaitems/SeriesLFFVideos/pub-lffv_545_VIDEO,Series,Enjoy Life Forever!—Videos,,https://akamd1.jw-cdn.org/sg2/p/fb2883/1/o/lffv_E_545_r720P.mp4,https://akamd1.jw-cdn.org/sg2/p/0d57b1/1/o/lffv_E_545_r480P.mp4,https://akamd1.jw-cdn.org/sg2/p/84b4c1/1/o/lffv_E_545_r360P.mp4,https://akamd1.jw-cdn.org/sg2/p/2cdeac/1/o/lffv_E_545_r240P.mp4,https://cms-imgp.jw-cdn.org/img/p/lffv/univ/art/lffv_univ_wss_545_lg.jpg,6:18
Get Out of Babylon the Great!,https://www.jw.org/en/library/videos/#en/mediaitems/SeriesLFFVideos/pub-lffv_581_VIDEO,Series,Enjoy Life Forever!—Videos,,https://akamd1.jw-cdn.org/sg2/p/781a26c/2/o/lffv_E_581_r720P.mp4,https://akamd1.jw-cdn.org/sg2/p/be0225/2/o/lffv_E_581_r480P.mp4,https://akamd1.jw-cdn.org/sg2/p/d38e1c/2/o/lffv_E_581_r360P.mp4,https://akamd1.jw-cdn.org/sg2/p/fc31082/2/o/lffv_E_581_r240P.mp4,https://cms-imgp.jw-cdn.org/img/p/lffv/univ/art/lffv_univ_wss_581_lg.jpg,5:06
Jehovah God Will Strengthen Me,https://www.jw.org/en/library/videos/#en/mediaitems/SeriesLFFVideos/pub-lffv_591_VIDEO,Series,Enjoy Life Forever!—Videos,,https://akamd1.jw-cdn.org/sg2/p/7b35b2/1/o/lffv_E_591_r720P.mp4,https://akamd1.jw-cdn.org/sg2/p/230db9/1/o/lffv_E_591_r480P.mp4,https://akamd1.jw-cdn.org/sg2/p/bf3f2ef/1/o/lffv_E_591_r360P.mp4,https://akamd1.jw-cdn.org/sg2/p/06b90c/1/o/lffv_E_591_r240P.mp4,https://cms-imgp.jw-cdn.org/img/p/lffv/univ/art/lffv_univ_wss_591_lg.jpg,3:40
Enduring Despite Persecution,https://www.jw.org/en/library/videos/#en/mediaitems/SeriesLFFVideos/pub-lffv_592_VIDEO,Series,Enjoy Life Forever!—Videos,,https://akamd1.jw-cdn.org/sg2/p/5faf51d/1/o/lffv_E_592_r720P.mp4,https://akamd1.jw-cdn.org/sg2/p/675b7c/1/o/lffv_E_592_r480P.mp4,https://akamd1.jw-cdn.org/sg2/p/b2752d/1/o/lffv_E_592_r360P.mp4,https://akamd1.jw-cdn.org/sg2/p/35b0c9/1/o/lffv_E_592_r240P.mp4,https://cms-imgp.jw-cdn.org/img/p/lffv/univ/art/lffv_univ_wss_592_lg.jpg,2:34
Showing Courage Despite Persecution,https://www.jw.org/en/library/videos/#en/mediaitems/SeriesLFFVideos/pub-lffv_593_VIDEO,Series,Enjoy Life Forever!—Videos,,https://akamd1.jw-cdn.org/sg2/p/5f9f04/1/o/lffv_E_593_r720P.mp4,https://akamd1.jw-cdn.org/sg2/p/2f49f0/1/o/lffv_E_593_r480P.mp4,https://akamd1.jw-cdn.org/sg2/p/283d59/1/o/lffv_E_593_r360P.mp4,https://akamd1.jw-cdn.org/sg2/p/872e024/1/o/lffv_E_593_r240P.mp4,https://cms-imgp.jw-cdn.org/img/p/lffv/univ/art/lffv_univ_wss_593_lg.jpg,6:27
Improve Your Personal Study,https://www.jw.org/en/library/videos/#en/mediaitems/SeriesLFFVideos/pub-lffv_601_VIDEO,Series,Enjoy Life Forever!—Videos,,https://akamd1.jw-cdn.org/sg2/p/1392660/1/o/lffv_E_601_r720P.mp4,https://akamd1.jw-cdn.org/sg2/p/889c092/1/o/lffv_E_601_r480P.mp4,https://akamd1.jw-cdn.org/sg2/p/b9fc7b/1/o/lffv_E_601_r360P.mp4,https://akamd1.jw-cdn.org/sg2/p/792357/1/o/lffv_E_601_r240P.mp4,https://cms-imgp.jw-cdn.org/img/p/lffv/univ/art/lffv_univ_wss_601_lg.jpg,5:22
For a Happy Marriage: Read God’s Word,https://www.jw.org/en/library/videos/#en/mediaitems/SeriesHappyMarriage/pub-jwb-128_7_VIDEO,Series,For a Happy Marriage,,https://akamd1.jw-cdn.org/sg2/p/7cbb31/1/o/jwb-128_E_07_r720P.mp4,https://akamd1.jw-cdn.org/sg2/p/ae5915/1/o/jwb-128_E_07_r480P.mp4,https://akamd1.jw-cdn.org/sg2/p/d0830d/1/o/jwb-128_E_07_r360P.mp4,https://akamd1.jw-cdn.org/sg2/p/a9ab496/1/o/jwb-128_E_07_r240P.mp4,https://cms-imgp.jw-cdn.org/img/p/jwb-128/univ/art/jwb-128_univ_wss_07_lg.jpg,5:54
“Iron Sharpens Iron”—Effective Ways to Offer a Bible Study,https://www.jw.org/en/library/videos/#en/mediaitems/SeriesIronSharpens/pub-jwb-128_3_VIDEO,Series,Iron Sharpens Iron,,https://akamd1.jw-cdn.org/sg2/p/2bf47e/2/o/jwb-128_E_03_r720P.mp4,https://akamd1.jw-cdn.org/sg2/p/153e1d/2/o/jwb-128_E_03_r480P.mp4,https://akamd1.jw-cdn.org/sg2/p/75c08be/2/o/jwb-128_E_03_r360P.mp4,https://akamd1.jw-cdn.org/sg2/p/3f09e2/2/o/jwb-128_E_03_r240P.mp4,https://cms-imgp.jw-cdn.org/img/p/jwb-128/univ/art/jwb-128_univ_wss_03_lg.jpg,5:37
Lessons From The Watchtower—Hospitality—An Opportunity to Build Deep Friendships,https://www.jw.org/en/library/videos/#en/mediaitems/SeriesWTLessons/pub-jwb-129_8_VIDEO,Series,Lessons From The Watchtower,,https://akamd1.jw-cdn.org/sg2/p/5aba64/1/o/jwb-129_E_08_r720P.mp4,https://akamd1.jw-cdn.org/sg2/p/06f2c71/1/o/jwb-129_E_08_r480P.mp4,https://akamd1.jw-cdn.org/sg2/p/afde335/1/o/jwb-129_E_08_r360P.mp4,https://akamd1.jw-cdn.org/sg2/p/e8c1f1d/1/o/jwb-129_E_08_r240P.mp4,https://cms-imgp.jw-cdn.org/img/p/jwb-129/univ/art/jwb-129_univ_wss_08_lg.jpg,5:53
Lessons From The Watchtower—Jesus’ Final Words,https://www.jw.org/en/library/videos/#en/mediaitems/SeriesWTLessons/pub-jwb-128_4_VIDEO,Series,Lessons From The Watchtower,,https://akamd1.jw-cdn.org/sg2/p/7d86d34/1/o/jwb-128_E_04_r720P.mp4,https://akamd1.jw-cdn.org/sg2/p/da03fd/1/o/jwb-128_E_04_r480P.mp4,https://akamd1.jw-cdn.org/sg2/p/59be84/1/o/jwb-128_E_04_r360P.mp4,https://akamd1.jw-cdn.org/sg2/p/8d566e/1/o/jwb-128_E_04_r240P.mp4,https://cms-imgp.jw-cdn.org/img/p/jwb-128/univ/art/jwb-128_univ_wss_04_lg.jpg,5:54
Moses Maphoto: I Found Real Happiness,https://www.jw.org/en/library/videos/#en/mediaitems/SeriesTruthTransforms/pub-jwb-128_5_VIDEO,Series,Truth Transforms Lives,,https://akamd1.jw-cdn.org/sg2/p/680a09d/1/o/jwb-128_E_05_r720P.mp4,https://akamd1.jw-cdn.org/sg2/p/61e0ba/1/o/jwb-128_E_05_r480P.mp4,https://akamd1.jw-cdn.org/sg2/p/a11bec/1/o/jwb-128_E_05_r360P.mp4,https://akamd1.jw-cdn.org/sg2/p/4c45a8/1/o/jwb-128_E_05_r240P.mp4,https://cms-imgp.jw-cdn.org/img/p/jwb-128/univ/art/jwb-128_univ_wss_05_lg.jpg,6:01
Start Using JW Library—iOS,https://www.jw.org/en/library/videos/#en/mediaitems/SeriesWebsiteAppHelp/docid-802013111_1_VIDEO,Series,Website and App Help,,https://akamd1.jw-cdn.org/sg2/p/b11c11/1/o/802013111_E_cnt_1_r720P.mp4,https://akamd1.jw-cdn.org/sg2/p/b3d2c89/1/o/802013111_E_cnt_1_r480P.mp4,https://akamd1.jw-cdn.org/sg2/p/0ed2cae/1/o/802013111_E_cnt_1_r360P.mp4,https://akamd1.jw-cdn.org/sg2/p/abc4265/1/o/802013111_E_cnt_1_r240P.mp4,https://assetsnffrgf-a.akamaihd.net/assets/m/802013111/univ/art/802013111_univ_wss_lg.jpg,2:43
Download and Manage Bibles—iOS,https://www.jw.org/en/library/videos/#en/mediaitems/SeriesWebsiteAppHelp/docid-802013112_1_VIDEO,Series,Website and App Help,,https://akamd1.jw-cdn.org/sg2/p/c447395/1/o/802013112_E_cnt_1_r720P.mp4,https://akamd1.jw-cdn.org/sg2/p/0ff26a4/1/o/802013112_E_cnt_1_r480P.mp4,https://akamd1.jw-cdn.org/sg2/p/432517/1/o/802013112_E_cnt_1_r360P.mp4,https://akamd1.jw-cdn.org/sg2/p/bbb2e8/1/o/802013112_E_cnt_1_r240P.mp4,https://assetsnffrgf-a.akamaihd.net/assets/m/802013112/univ/art/802013112_univ_wss_lg.jpg,2:37
Download and Manage Publications—iOS,https://www.jw.org/en/library/videos/#en/mediaitems/SeriesWebsiteAppHelp/docid-802013113_1_VIDEO,Series,Website and App Help,,https://akamd1.jw-cdn.org/sg2/p/3707df/1/o/802013113_E_cnt_1_r720P.mp4,https://akamd1.jw-cdn.org/sg2/p/16d35f/1/o/802013113_E_cnt_1_r480P.mp4,https://akamd1.jw-cdn.org/sg2/p/a9198a/1/o/802013113_E_cnt_1_r360P.mp4,https://akamd1.jw-cdn.org/sg2/p/6bc35f/1/o/802013113_E_cnt_1_r240P.mp4,https://assetsnffrgf-a.akamaihd.net/assets/m/802013113/univ/art/802013113_univ_wss_lg.jpg,4:43
Set and Manage Bookmarks—iOS,https://www.jw.org/en/library/videos/#en/mediaitems/SeriesWebsiteAppHelp/docid-802013114_1_VIDEO,Series,Website and App Help,,https://akamd1.jw-cdn.org/sg2/p/37945e/1/o/802013114_E_cnt_1_r720P.mp4,https://akamd1.jw-cdn.org/sg2/p/b3a1c64/1/o/802013114_E_cnt_1_r480P.mp4,https://akamd1.jw-cdn.org/sg2/p/9b2715/1/o/802013114_E_cnt_1_r360P.mp4,https://akamd1.jw-cdn.org/sg2/p/2235be/1/o/802013114_E_cnt_1_r240P.mp4,https://assetsnffrgf-a.akamaihd.net/assets/m/802013114/univ/art/802013114_univ_wss_lg.jpg,2:38
Use History—iOS,https://www.jw.org/en/library/videos/#en/mediaitems/SeriesWebsiteAppHelp/docid-802013115_1_VIDEO,Series,Website and App Help,,https://akamd1.jw-cdn.org/sg2/p/1408b74/1/o/802013115_E_cnt_1_r720P.mp4,https://akamd1.jw-cdn.org/sg2/p/98670a/1/o/802013115_E_cnt_1_r480P.mp4,https://akamd1.jw-cdn.org/sg2/p/2e4e4cb/1/o/802013115_E_cnt_1_r360P.mp4,https://akamd1.jw-cdn.org/sg2/p/e02bccb/1/o/802013115_E_cnt_1_r240P.mp4,https://assetsnffrgf-a.akamaihd.net/assets/m/802013115/univ/art/802013115_univ_wss_lg.jpg,1:25
Customize the Reading Experience—iOS,https://www.jw.org/en/library/videos/#en/mediaitems/SeriesWebsiteAppHelp/docid-802013116_1_VIDEO,Series,Website and App Help,,https://akamd1.jw-cdn.org/sg2/p/b9ba6f/1/o/802013116_E_cnt_1_r720P.mp4,https://akamd1.jw-cdn.org/sg2/p/15a2c4/1/o/802013116_E_cnt_1_r480P.mp4,https://akamd1.jw-cdn.org/sg2/p/5023de/1/o/802013116_E_cnt_1_r360P.mp4,https://akamd1.jw-cdn.org/sg2/p/23dee99/1/o/802013116_E_cnt_1_r240P.mp4,https://assetsnffrgf-a.akamaihd.net/assets/m/802013116/univ/art/802013116_univ_wss_lg.jpg,4:17
Search in a Bible or Publication—iOS,https://www.jw.org/en/library/videos/#en/mediaitems/SeriesWebsiteAppHelp/docid-802013117_1_VIDEO,Series,Website and App Help,,https://akamd1.jw-cdn.org/sg2/p/be50c16/1/o/802013117_E_cnt_1_r720P.mp4,https://akamd1.jw-cdn.org/sg2/p/b4e1cb/1/o/802013117_E_cnt_1_r480P.mp4,https://akamd1.jw-cdn.org/sg2/p/ad6a91/1/o/802013117_E_cnt_1_r360P.mp4,https://akamd1.jw-cdn.org/sg2/p/12d9f80/1/o/802013117_E_cnt_1_r240P.mp4,https://assetsnffrgf-a.akamaihd.net/assets/m/802013117/univ/art/802013117_univ_wss_lg.jpg,2:37
Highlight Text—iOS,https://www.jw.org/en/library/videos/#en/mediaitems/SeriesWebsiteAppHelp/docid-802013118_1_VIDEO,Series,Website and App Help,,https://akamd1.jw-cdn.org/sg2/p/31e118/1/o/802013118_E_cnt_1_r720P.mp4,https://akamd1.jw-cdn.org/sg2/p/f19d25/1/o/802013118_E_cnt_1_r480P.mp4,https://akamd1.jw-cdn.org/sg2/p/e9a98a/1/o/802013118_E_cnt_1_r360P.mp4,https://akamd1.jw-cdn.org/sg2/p/656d3e3/1/o/802013118_E_cnt_1_r240P.mp4,https://assetsnffrgf-a.akamaihd.net/assets/m/802013118/univ/art/802013118_univ_wss_lg.jpg,1:45
Start Using JW Library—Windows,https://www.jw.org/en/library/videos/#en/mediaitems/SeriesWebsiteAppHelp/docid-802013121_1_VIDEO,Series,Website and App Help,,https://akamd1.jw-cdn.org/sg2/p/c67fd7/1/o/802013121_E_cnt_1_r720P.mp4,https://akamd1.jw-cdn.org/sg2/p/e962af/1/o/802013121_E_cnt_1_r480P.mp4,https://akamd1.jw-cdn.org/sg2/p/cef670/1/o/802013121_E_cnt_1_r360P.mp4,https://akamd1.jw-cdn.org/sg2/p/4533a4/1/o/802013121_E_cnt_1_r240P.mp4,https://assetsnffrgf-a.akamaihd.net/assets/m/802013121/univ/art/802013121_univ_wss_lg.jpg,4:12
Download and Manage Bibles—Windows,https://www.jw.org/en/library/videos/#en/mediaitems/SeriesWebsiteAppHelp/docid-802013122_1_VIDEO,Series,Website and App Help,,https://akamd1.jw-cdn.org/sg2/p/c33ad30/1/o/802013122_E_cnt_1_r720P.mp4,https://akamd1.jw-cdn.org/sg2/p/37c2148/1/o/802013122_E_cnt_1_r480P.mp4,https://akamd1.jw-cdn.org/sg2/p/14fe55/1/o/802013122_E_cnt_1_r360P.mp4,https://akamd1.jw-cdn.org/sg2/p/7be5b2/1/o/802013122_E_cnt_1_r240P.mp4,https://assetsnffrgf-a.akamaihd.net/assets/m/802013122/univ/art/802013122_univ_wss_lg.jpg,2:46
Download and Manage Publications—Windows,https://www.jw.org/en/library/videos/#en/mediaitems/SeriesWebsiteAppHelp/docid-802013123_1_VIDEO,Series,Website and App Help,,https://akamd1.jw-cdn.org/sg2/p/aecf6d/1/o/802013123_E_cnt_1_r720P.mp4,https://akamd1.jw-cdn.org/sg2/p/6a2b66/1/o/802013123_E_cnt_1_r480P.mp4,https://akamd1.jw-cdn.org/sg2/p/33bdaf/1/o/802013123_E_cnt_1_r360P.mp4,https://akamd1.jw-cdn.org/sg2/p/cbfc581/1/o/802013123_E_cnt_1_r240P.mp4,https://assetsnffrgf-a.akamaihd.net/assets/m/802013123/univ/art/802013123_univ_wss_lg.jpg,4:36
Set and Manage Bookmarks—Windows,https://www.jw.org/en/library/videos/#en/mediaitems/SeriesWebsiteAppHelp/docid-802013124_1_VIDEO,Series,Website and App Help,,https://akamd1.jw-cdn.org/sg2/p/13f91ff/1/o/802013124_E_cnt_1_r720P.mp4,https://akamd1.jw-cdn.org/sg2/p/d6b992/1/o/802013124_E_cnt_1_r480P.mp4,https://akamd1.jw-cdn.org/sg2/p/9e84be7/1/o/802013124_E_cnt_1_r360P.mp4,https://akamd1.jw-cdn.org/sg2/p/3df89f/1/o/802013124_E_cnt_1_r240P.mp4,https://assetsnffrgf-a.akamaihd.net/assets/m/802013124/univ/art/802013124_univ_wss_lg.jpg,2:37
Use History—Windows,https://www.jw.org/en/library/videos/#en/mediaitems/SeriesWebsiteAppHelp/docid-802013125_1_VIDEO,Series,Website and App Help,,https://akamd1.jw-cdn.org/sg2/p/0e699d/1/o/802013125_E_cnt_1_r720P.mp4,https://akamd1.jw-cdn.org/sg2/p/1f0789f/1/o/802013125_E_cnt_1_r480P.mp4,https://akamd1.jw-cdn.org/sg2/p/5cc9661/1/o/802013125_E_cnt_1_r360P.mp4,https://akamd1.jw-cdn.org/sg2/p/29dd92/1/o/802013125_E_cnt_1_r240P.mp4,https://assetsnffrgf-a.akamaihd.net/assets/m/802013125/univ/art/802013125_univ_wss_lg.jpg,1:00
Customize the Reading Experience—Windows,https://www.jw.org/en/library/videos/#en/mediaitems/SeriesWebsiteAppHelp/docid-802013126_1_VIDEO,Series,Website and App Help,,https://akamd1.jw-cdn.org/sg2/p/8dc6d0/1/o/802013126_E_cnt_1_r720P.mp4,https://akamd1.jw-cdn.org/sg2/p/ac1b6a/1/o/802013126_E_cnt_1_r480P.mp4,https://akamd1.jw-cdn.org/sg2/p/703fc4/1/o/802013126_E_cnt_1_r360P.mp4,https://akamd1.jw-cdn.org/sg2/p/1bffb2f/1/o/802013126_E_cnt_1_r240P.mp4,https://assetsnffrgf-a.akamaihd.net/assets/m/802013126/univ/art/802013126_univ_wss_lg.jpg,3:51
Search in a Bible or Publication—Windows,https://www.jw.org/en/library/videos/#en/mediaitems/SeriesWebsiteAppHelp/docid-802013127_1_VIDEO,Series,Website and App Help,,https://akamd1.jw-cdn.org/sg2/p/2b0d14/1/o/802013127_E_cnt_1_r720P.mp4,https://akamd1.jw-cdn.org/sg2/p/a74553/1/o/802013127_E_cnt_1_r480P.mp4,https://akamd1.jw-cdn.org/sg2/p/dc3c94/1/o/802013127_E_cnt_1_r360P.mp4,https://akamd1.jw-cdn.org/sg2/p/49d110/1/o/802013127_E_cnt_1_r240P.mp4,https://assetsnffrgf-a.akamaihd.net/assets/m/802013127/univ/art/802013127_univ_wss_lg.jpg,2:42
Highlight Text—Windows,https://www.jw.org/en/library/videos/#en/mediaitems/SeriesWebsiteAppHelp/docid-802013128_1_VIDEO,Series,Website and App Help,,https://akamd1.jw-cdn.org/sg2/p/e339215/1/o/802013128_E_cnt_1_r720P.mp4,https://akamd1.jw-cdn.org/sg2/p/c062dc0/1/o/802013128_E_cnt_1_r480P.mp4,https://akamd1.jw-cdn.org/sg2/p/016bd08/1/o/802013128_E_cnt_1_r360P.mp4,https://akamd1.jw-cdn.org/sg2/p/084e91/1/o/802013128_E_cnt_1_r240P.mp4,https://assetsnffrgf-a.akamaihd.net/assets/m/802013128/univ/art/802013128_univ_wss_lg.jpg,1:42
Start Using JW Library—Android,https://www.jw.org/en/library/videos/#en/mediaitems/SeriesWebsiteAppHelp/docid-802013129_1_VIDEO,Series,Website and App Help,,https://akamd1.jw-cdn.org/sg2/p/88cbea2/1/o/802013129_E_cnt_1_r720P.mp4,https://akamd1.jw-cdn.org/sg2/p/a6942f/1/o/802013129_E_cnt_1_r480P.mp4,https://akamd1.jw-cdn.org/sg2/p/cd448b/1/o/802013129_E_cnt_1_r360P.mp4,https://akamd1.jw-cdn.org/sg2/p/092729/1/o/802013129_E_cnt_1_r240P.mp4,https://assetsnffrgf-a.akamaihd.net/assets/m/802013129/univ/art/802013129_univ_wss_lg.jpg,3:09
Download and Manage Bibles—Android,https://www.jw.org/en/library/videos/#en/mediaitems/SeriesWebsiteAppHelp/docid-802013130_1_VIDEO,Series,Website and App Help,,https://akamd1.jw-cdn.org/sg2/p/2a4832/1/o/802013130_E_cnt_1_r720P.mp4,https://akamd1.jw-cdn.org/sg2/p/d41e18/1/o/802013130_E_cnt_1_r480P.mp4,https://akamd1.jw-cdn.org/sg2/p/56b16cb/1/o/802013130_E_cnt_1_r360P.mp4,https://akamd1.jw-cdn.org/sg2/p/65f961/1/o/802013130_E_cnt_1_r240P.mp4,https://assetsnffrgf-a.akamaihd.net/assets/m/802013130/univ/art/802013130_univ_wss_lg.jpg,2:47
Download and Manage Publications—Android,https://www.jw.org/en/library/videos/#en/mediaitems/SeriesWebsiteAppHelp/docid-802013131_1_VIDEO,Series,Website and App Help,,https://akamd1.jw-cdn.org/sg2/p/77c9bd8/1/o/802013131_E_cnt_1_r720P.mp4,https://akamd1.jw-cdn.org/sg2/p/26cb7e/1/o/802013131_E_cnt_1_r480P.mp4,https://akamd1.jw-cdn.org/sg2/p/c9683b0/1/o/802013131_E_cnt_1_r360P.mp4,https://akamd1.jw-cdn.org/sg2/p/fc514f8/1/o/802013131_E_cnt_1_r240P.mp4,https://assetsnffrgf-a.akamaihd.net/assets/m/802013131/univ/art/802013131_univ_wss_lg.jpg,4:42
Set and Manage Bookmarks—Android,https://www.jw.org/en/library/videos/#en/mediaitems/SeriesWebsiteAppHelp/docid-802013132_1_VIDEO,Series,Website and App Help,,https://akamd1.jw-cdn.org/sg2/p/08c07f0/1/o/802013132_E_cnt_1_r720P.mp4,https://akamd1.jw-cdn.org/sg2/p/1bf7518/1/o/802013132_E_cnt_1_r480P.mp4,https://akamd1.jw-cdn.org/sg2/p/5d77b83/1/o/802013132_E_cnt_1_r360P.mp4,https://akamd1.jw-cdn.org/sg2/p/0cf2a2/1/o/802013132_E_cnt_1_r240P.mp4,https://assetsnffrgf-a.akamaihd.net/assets/m/802013132/univ/art/802013132_univ_wss_lg.jpg,2:46
Use History—Android,https://www.jw.org/en/library/videos/#en/mediaitems/SeriesWebsiteAppHelp/docid-802013133_1_VIDEO,Series,Website and App Help,,https://akamd1.jw-cdn.org/sg2/p/615555/1/o/802013133_E_cnt_1_r720P.mp4,https://akamd1.jw-cdn.org/sg2/p/2797369/1/o/802013133_E_cnt_1_r480P.mp4,https://akamd1.jw-cdn.org/sg2/p/3c3784/1/o/802013133_E_cnt_1_r360P.mp4,https://akamd1.jw-cdn.org/sg2/p/912724/1/o/802013133_E_cnt_1_r240P.mp4,https://assetsnffrgf-a.akamaihd.net/assets/m/802013133/univ/art/802013133_univ_wss_lg.jpg,1:07
Customize the Reading Experience—Android,https://www.jw.org/en/library/videos/#en/mediaitems/SeriesWebsiteAppHelp/docid-802013134_1_VIDEO,Series,Website and App Help,,https://akamd1.jw-cdn.org/sg2/p/7360ce/1/o/802013134_E_cnt_1_r720P.mp4,https://akamd1.jw-cdn.org/sg2/p/2990dd/1/o/802013134_E_cnt_1_r480P.mp4,https://akamd1.jw-cdn.org/sg2/p/da92422/1/o/802013134_E_cnt_1_r360P.mp4,https://akamd1.jw-cdn.org/sg2/p/8cbb32/1/o/802013134_E_cnt_1_r240P.mp4,https://assetsnffrgf-a.akamaihd.net/assets/m/802013134/univ/art/802013134_univ_wss_lg.jpg,4:12
Search in a Bible or Publication—Android,https://www.jw.org/en/library/videos/#en/mediaitems/SeriesWebsiteAppHelp/docid-802013135_1_VIDEO,Series,Website and App Help,,https://akamd1.jw-cdn.org/sg2/p/0451544/1/o/802013135_E_cnt_1_r720P.mp4,https://akamd1.jw-cdn.org/sg2/p/06ff52/1/o/802013135_E_cnt_1_r480P.mp4,https://akamd1.jw-cdn.org/sg2/p/0043a78/1/o/802013135_E_cnt_1_r360P.mp4,https://akamd1.jw-cdn.org/sg2/p/d121ab7/1/o/802013135_E_cnt_1_r240P.mp4,https://assetsnffrgf-a.akamaihd.net/assets/m/802013135/univ/art/802013135_univ_wss_lg.jpg,2:37
Highlight Text—Android,https://www.jw.org/en/library/videos/#en/mediaitems/SeriesWebsiteAppHelp/docid-802013136_1_VIDEO,Series,Website and App Help,,https://akamd1.jw-cdn.org/sg2/p/e5d331/1/o/802013136_E_cnt_1_r720P.mp4,https://akamd1.jw-cdn.org/sg2/p/bc3c114/1/o/802013136_E_cnt_1_r480P.mp4,https://akamd1.jw-cdn.org/sg2/p/12812c/1/o/802013136_E_cnt_1_r360P.mp4,https://akamd1.jw-cdn.org/sg2/p/521d97/1/o/802013136_E_cnt_1_r240P.mp4,https://assetsnffrgf-a.akamaihd.net/assets/m/802013136/univ/art/802013136_univ_wss_lg.jpg,1:42
Use the Study Bible on JW.ORG—Overview,https://www.jw.org/en/library/videos/#en/mediaitems/SeriesWebsiteAppHelp/docid-802013278_1_VIDEO,Series,Website and App Help,,https://akamd1.jw-cdn.org/sg2/p/37f9d4b/1/o/802013278_E_cnt_1_r720P.mp4,https://akamd1.jw-cdn.org/sg2/p/e8acdff/1/o/802013278_E_cnt_1_r480P.mp4,https://akamd1.jw-cdn.org/sg2/p/b5cac6/1/o/802013278_E_cnt_1_r360P.mp4,https://akamd1.jw-cdn.org/sg2/p/6086d4/1/o/802013278_E_cnt_1_r240P.mp4,https://assetsnffrgf-a.akamaihd.net/assets/m/802013278/univ/art/802013278_univ_wss_lg.jpg,3:15
Use the Study Bible on JW.ORG—Study Notes and Media,https://www.jw.org/en/library/videos/#en/mediaitems/SeriesWebsiteAppHelp/docid-802013281_1_VIDEO,Series,Website and App Help,,https://akamd1.jw-cdn.org/sg2/p/a2e33d/1/o/802013281_E_cnt_1_r720P.mp4,https://akamd1.jw-cdn.org/sg2/p/c1a485/1/o/802013281_E_cnt_1_r480P.mp4,https://akamd1.jw-cdn.org/sg2/p/890944/1/o/802013281_E_cnt_1_r360P.mp4,https://akamd1.jw-cdn.org/sg2/p/b797a3/1/o/802013281_E_cnt_1_r240P.mp4,https://assetsnffrgf-a.akamaihd.net/assets/m/802013281/univ/art/802013281_univ_wss_lg.jpg,2:15
"We See You, Sister",https://www.jw.org/en/library/videos/#en/mediaitems/VODOriginalSongs/pub-osg_106_VIDEO,Music,Original Songs,,https://akamd1.jw-cdn.org/sg2/p/a4e667/2/o/osg_E_106_r720P.mp4,https://akamd1.jw-cdn.org/sg2/p/a1cd081/2/o/osg_E_106_r480P.mp4,https://akamd1.jw-cdn.org/sg2/p/ddd0dd3/2/o/osg_E_106_r360P.mp4,https://akamd1.jw-cdn.org/sg2/p/a9df7a1/2/o/osg_E_106_r240P.mp4,https://cms-imgp.jw-cdn.org/img/p/502900119/univ/art/502900119_univ_wss_lg.jpg,4:21
The Road to Life,https://www.jw.org/en/library/videos/#en/mediaitems/VODOriginalSongs/pub-osg_105_VIDEO,Music,Original Songs,,https://akamd1.jw-cdn.org/sg2/p/611067/1/o/osg_E_105_r720P.mp4,https://akamd1.jw-cdn.org/sg2/p/b472741/1/o/osg_E_105_r480P.mp4,https://akamd1.jw-cdn.org/sg2/p/43d63b/1/o/osg_E_105_r360P.mp4,https://akamd1.jw-cdn.org/sg2/p/a88ba05/1/o/osg_E_105_r240P.mp4,https://cms-imgp.jw-cdn.org/img/p/502900109/univ/art/502900109_univ_wss_lg.jpg,3:19
Moses Maphoto: I Found Real Happiness,https://www.jw.org/en/library/videos/#en/mediaitems/VODIntExpTransformations/pub-jwb-128_5_VIDEO,Interviews and Experiences,Truth Transforms Lives,,https://akamd1.jw-cdn.org/sg2/p/680a09d/1/o/jwb-128_E_05_r720P.mp4,https://akamd1.jw-cdn.org/sg2/p/61e0ba/1/o/jwb-128_E_05_r480P.mp4,https://akamd1.jw-cdn.org/sg2/p/a11bec/1/o/jwb-128_E_05_r360P.mp4,https://akamd1.jw-cdn.org/sg2/p/4c45a8/1/o/jwb-128_E_05_r240P.mp4,https://cms-imgp.jw-cdn.org/img/p/jwb-128/univ/art/jwb-128_univ_wss_05_lg.jpg,6:01
The Otalora Sisters: Build Faith That Endures Tragedy,https://www.jw.org/en/library/videos/#en/mediaitems/VODIntExpEndurance/pub-jwb-129_7_VIDEO,Interviews and Experiences,Enduring Trials,,https://akamd1.jw-cdn.org/sg2/p/fd89e38/1/o/jwb-129_E_07_r720P.mp4,https://akamd1.jw-cdn.org/sg2/p/89b6393/1/o/jwb-129_E_07_r480P.mp4,https://akamd1.jw-cdn.org/sg2/p/3822f42/1/o/jwb-129_E_07_r360P.mp4,https://akamd1.jw-cdn.org/sg2/p/ebba5c/1/o/jwb-129_E_07_r240P.mp4,https://cms-imgp.jw-cdn.org/img/p/jwb-129/univ/art/jwb-129_univ_wss_07_lg.jpg,5:50
See Yourself in Paradise,https://www.jw.org/en/library/videos/#en/mediaitems/VODIntExpYouth/pub-jwb-129_4_VIDEO,Interviews and Experiences,Young People,,https://akamd1.jw-cdn.org/sg2/p/6ed753/3/o/jwb-129_E_04_r720P.mp4,https://akamd1.jw-cdn.org/sg2/p/632415/3/o/jwb-129_E_04_r480P.mp4,https://akamd1.jw-cdn.org/sg2/p/71ff437/3/o/jwb-129_E_04_r360P.mp4,https://akamd1.jw-cdn.org/sg2/p/cbb7be/3/o/jwb-129_E_04_r240P.mp4,https://cms-imgp.jw-cdn.org/img/p/jwb-129/univ/art/jwb-129_univ_wss_04_lg.jpg,3:26
